📦 Loading Fixtures in Dependency Order

[0;34m[2026-06-02 19:28:20][0m Step 1/5: Loading authentication and core models...
[0;34m[2026-06-02 19:28:20][0m Loading: Permissions
Using site 'ctc-research' (site path: /app/ctc-research)

============================================================
                   🌍 ENVIRONMENT SUMMARY                    
============================================================
│ Environment          : 🚀 production                        │
│ Runtime              : 🐳 docker                            │
│ Module               : 📦 LMS                               │
│ Website              : ctc-research                        │
│ Domain               : ctc-research.com                    │
│ Debug Mode           : ✅ Disabled                          │
│ Production           : ✅ Yes                               │
│ Containerized        : ✅ Yes                               │
============================================================
                  ⚙️ CONFIGURATION STATUS                   
============================================================
│ Server Host          : 0.0.0.0                             │
│ Server Port          : 5070                                │
============================================================

Traceback (most recent call last):
  File "/opt/venv/lib/python3.12/site-packages/django/db/backends/utils.py", line 103, in _execute
    return self.cursor.execute(sql)
           ^^^^^^^^^^^^^^^^^^^^^^^^
  File "/opt/venv/lib/python3.12/site-packages/psycopg/cursor.py", line 117, in execute
    raise ex.with_traceback(None)
psycopg.errors.ForeignKeyViolation: insert or update on table "auth_permission" violates foreign key constraint "auth_permission_content_type_id_2f476e4b_fk_django_co"
DETAIL:  Key (content_type_id)=(64) is not present in table "django_content_type".

The above exception was the direct cause of the following exception:

Traceback (most recent call last):
  File "/app/manage.py", line 120, in <module>
    main()
  File "/app/manage.py", line 116, in main
    execute_from_command_line(sys.argv)
  File "/opt/venv/lib/python3.12/site-packages/django/core/management/__init__.py", line 443, in execute_from_command_line
    utility.execute()
  File "/opt/venv/lib/python3.12/site-packages/django/core/management/__init__.py", line 437, in execute
    self.fetch_command(subcommand).run_from_argv(self.argv)
  File "/opt/venv/lib/python3.12/site-packages/django/core/management/base.py", line 420, in run_from_argv
    self.execute(*args, **cmd_options)
  File "/opt/venv/lib/python3.12/site-packages/django/core/management/base.py", line 464, in execute
    output = self.handle(*args, **options)
             ^^^^^^^^^^^^^^^^^^^^^^^^^^^^^
  File "/opt/venv/lib/python3.12/site-packages/django/core/management/commands/loaddata.py", line 103, in handle
    self.loaddata(fixture_labels)
  File "/opt/venv/lib/python3.12/site-packages/django/core/management/commands/loaddata.py", line 172, in loaddata
    connection.check_constraints(table_names=table_names)
  File "/opt/venv/lib/python3.12/site-packages/django/db/backends/postgresql/base.py", line 483, in check_constraints
    cursor.execute("SET CONSTRAINTS ALL IMMEDIATE")
  File "/opt/venv/lib/python3.12/site-packages/django/db/backends/utils.py", line 79, in execute
    return self._execute_with_wrappers(
           ^^^^^^^^^^^^^^^^^^^^^^^^^^^^
  File "/opt/venv/lib/python3.12/site-packages/django/db/backends/utils.py", line 92, in _execute_with_wrappers
    return executor(sql, params, many, context)
           ^^^^^^^^^^^^^^^^^^^^^^^^^^^^^^^^^^^^
  File "/opt/venv/lib/python3.12/site-packages/django/db/backends/utils.py", line 100, in _execute
    with self.db.wrap_database_errors:
         ^^^^^^^^^^^^^^^^^^^^^^^^^^^^
  File "/opt/venv/lib/python3.12/site-packages/django/db/utils.py", line 94, in __exit__
    raise dj_exc_value.with_traceback(traceback) from exc_value
  File "/opt/venv/lib/python3.12/site-packages/django/db/backends/utils.py", line 103, in _execute
    return self.cursor.execute(sql)
           ^^^^^^^^^^^^^^^^^^^^^^^^
  File "/opt/venv/lib/python3.12/site-packages/psycopg/cursor.py", line 117, in execute
    raise ex.with_traceback(None)
django.db.utils.IntegrityError: Problem installing fixtures: insert or update on table "auth_permission" violates foreign key constraint "auth_permission_content_type_id_2f476e4b_fk_django_co"
DETAIL:  Key (content_type_id)=(64) is not present in table "django_content_type".
[1;33m⚠️  Issue loading: Permissions (may already exist or have dependencies)[0m
[0;34m[2026-06-02 19:28:25][0m Loading: Groups
Using site 'ctc-research' (site path: /app/ctc-research)

============================================================
                   🌍 ENVIRONMENT SUMMARY                    
============================================================
│ Environment          : 🚀 production                        │
│ Runtime              : 🐳 docker                            │
│ Module               : 📦 LMS                               │
│ Website              : ctc-research                        │
│ Domain               : ctc-research.com                    │
│ Debug Mode           : ✅ Disabled                          │
│ Production           : ✅ Yes                               │
│ Containerized        : ✅ Yes                               │
============================================================
                  ⚙️ CONFIGURATION STATUS                   
============================================================
│ Server Host          : 0.0.0.0                             │
│ Server Port          : 5070                                │
============================================================

Traceback (most recent call last):
  File "/opt/venv/lib/python3.12/site-packages/django/db/backends/utils.py", line 103, in _execute
    return self.cursor.execute(sql)
           ^^^^^^^^^^^^^^^^^^^^^^^^
  File "/opt/venv/lib/python3.12/site-packages/psycopg/cursor.py", line 117, in execute
    raise ex.with_traceback(None)
psycopg.errors.ForeignKeyViolation: insert or update on table "auth_group_permissions" violates foreign key constraint "auth_group_permissio_permission_id_84c5c92e_fk_auth_perm"
DETAIL:  Key (permission_id)=(421) is not present in table "auth_permission".

The above exception was the direct cause of the following exception:

Traceback (most recent call last):
  File "/app/manage.py", line 120, in <module>
    main()
  File "/app/manage.py", line 116, in main
    execute_from_command_line(sys.argv)
  File "/opt/venv/lib/python3.12/site-packages/django/core/management/__init__.py", line 443, in execute_from_command_line
    utility.execute()
  File "/opt/venv/lib/python3.12/site-packages/django/core/management/__init__.py", line 437, in execute
    self.fetch_command(subcommand).run_from_argv(self.argv)
  File "/opt/venv/lib/python3.12/site-packages/django/core/management/base.py", line 420, in run_from_argv
    self.execute(*args, **cmd_options)
  File "/opt/venv/lib/python3.12/site-packages/django/core/management/base.py", line 464, in execute
    output = self.handle(*args, **options)
             ^^^^^^^^^^^^^^^^^^^^^^^^^^^^^
  File "/opt/venv/lib/python3.12/site-packages/django/core/management/commands/loaddata.py", line 103, in handle
    self.loaddata(fixture_labels)
  File "/opt/venv/lib/python3.12/site-packages/django/core/management/commands/loaddata.py", line 172, in loaddata
    connection.check_constraints(table_names=table_names)
  File "/opt/venv/lib/python3.12/site-packages/django/db/backends/postgresql/base.py", line 483, in check_constraints
    cursor.execute("SET CONSTRAINTS ALL IMMEDIATE")
  File "/opt/venv/lib/python3.12/site-packages/django/db/backends/utils.py", line 79, in execute
    return self._execute_with_wrappers(
           ^^^^^^^^^^^^^^^^^^^^^^^^^^^^
  File "/opt/venv/lib/python3.12/site-packages/django/db/backends/utils.py", line 92, in _execute_with_wrappers
    return executor(sql, params, many, context)
           ^^^^^^^^^^^^^^^^^^^^^^^^^^^^^^^^^^^^
  File "/opt/venv/lib/python3.12/site-packages/django/db/backends/utils.py", line 100, in _execute
    with self.db.wrap_database_errors:
         ^^^^^^^^^^^^^^^^^^^^^^^^^^^^
  File "/opt/venv/lib/python3.12/site-packages/django/db/utils.py", line 94, in __exit__
    raise dj_exc_value.with_traceback(traceback) from exc_value
  File "/opt/venv/lib/python3.12/site-packages/django/db/backends/utils.py", line 103, in _execute
    return self.cursor.execute(sql)
           ^^^^^^^^^^^^^^^^^^^^^^^^
  File "/opt/venv/lib/python3.12/site-packages/psycopg/cursor.py", line 117, in execute
    raise ex.with_traceback(None)
django.db.utils.IntegrityError: Problem installing fixtures: insert or update on table "auth_group_permissions" violates foreign key constraint "auth_group_permissio_permission_id_84c5c92e_fk_auth_perm"
DETAIL:  Key (permission_id)=(421) is not present in table "auth_permission".
[1;33m⚠️  Issue loading: Groups (may already exist or have dependencies)[0m
[0;34m[2026-06-02 19:28:31][0m Loading: Users
Using site 'ctc-research' (site path: /app/ctc-research)

============================================================
                   🌍 ENVIRONMENT SUMMARY                    
============================================================
│ Environment          : 🚀 production                        │
│ Runtime              : 🐳 docker                            │
│ Module               : 📦 LMS                               │
│ Website              : ctc-research                        │
│ Domain               : ctc-research.com                    │
│ Debug Mode           : ✅ Disabled                          │
│ Production           : ✅ Yes                               │
│ Containerized        : ✅ Yes                               │
============================================================
                  ⚙️ CONFIGURATION STATUS                   
============================================================
│ Server Host          : 0.0.0.0                             │
│ Server Port          : 5070                                │
============================================================

Traceback (most recent call last):
  File "/opt/venv/lib/python3.12/site-packages/django/db/backends/utils.py", line 103, in _execute
    return self.cursor.execute(sql)
           ^^^^^^^^^^^^^^^^^^^^^^^^
  File "/opt/venv/lib/python3.12/site-packages/psycopg/cursor.py", line 117, in execute
    raise ex.with_traceback(None)
psycopg.errors.ForeignKeyViolation: insert or update on table "auth_user_groups" violates foreign key constraint "auth_user_groups_group_id_97559544_fk_auth_group_id"
DETAIL:  Key (group_id)=(3) is not present in table "auth_group".

The above exception was the direct cause of the following exception:

Traceback (most recent call last):
  File "/app/manage.py", line 120, in <module>
    main()
  File "/app/manage.py", line 116, in main
    execute_from_command_line(sys.argv)
  File "/opt/venv/lib/python3.12/site-packages/django/core/management/__init__.py", line 443, in execute_from_command_line
    utility.execute()
  File "/opt/venv/lib/python3.12/site-packages/django/core/management/__init__.py", line 437, in execute
    self.fetch_command(subcommand).run_from_argv(self.argv)
  File "/opt/venv/lib/python3.12/site-packages/django/core/management/base.py", line 420, in run_from_argv
    self.execute(*args, **cmd_options)
  File "/opt/venv/lib/python3.12/site-packages/django/core/management/base.py", line 464, in execute
    output = self.handle(*args, **options)
             ^^^^^^^^^^^^^^^^^^^^^^^^^^^^^
  File "/opt/venv/lib/python3.12/site-packages/django/core/management/commands/loaddata.py", line 103, in handle
    self.loaddata(fixture_labels)
  File "/opt/venv/lib/python3.12/site-packages/django/core/management/commands/loaddata.py", line 172, in loaddata
    connection.check_constraints(table_names=table_names)
  File "/opt/venv/lib/python3.12/site-packages/django/db/backends/postgresql/base.py", line 483, in check_constraints
    cursor.execute("SET CONSTRAINTS ALL IMMEDIATE")
  File "/opt/venv/lib/python3.12/site-packages/django/db/backends/utils.py", line 79, in execute
    return self._execute_with_wrappers(
           ^^^^^^^^^^^^^^^^^^^^^^^^^^^^
  File "/opt/venv/lib/python3.12/site-packages/django/db/backends/utils.py", line 92, in _execute_with_wrappers
    return executor(sql, params, many, context)
           ^^^^^^^^^^^^^^^^^^^^^^^^^^^^^^^^^^^^
  File "/opt/venv/lib/python3.12/site-packages/django/db/backends/utils.py", line 100, in _execute
    with self.db.wrap_database_errors:
         ^^^^^^^^^^^^^^^^^^^^^^^^^^^^
  File "/opt/venv/lib/python3.12/site-packages/django/db/utils.py", line 94, in __exit__
    raise dj_exc_value.with_traceback(traceback) from exc_value
  File "/opt/venv/lib/python3.12/site-packages/django/db/backends/utils.py", line 103, in _execute
    return self.cursor.execute(sql)
           ^^^^^^^^^^^^^^^^^^^^^^^^
  File "/opt/venv/lib/python3.12/site-packages/psycopg/cursor.py", line 117, in execute
    raise ex.with_traceback(None)
django.db.utils.IntegrityError: Problem installing fixtures: insert or update on table "auth_user_groups" violates foreign key constraint "auth_user_groups_group_id_97559544_fk_auth_group_id"
DETAIL:  Key (group_id)=(3) is not present in table "auth_group".
[1;33m⚠️  Issue loading: Users (may already exist or have dependencies)[0m
[0;34m[2026-06-02 19:28:36][0m Loading: Locales
Using site 'ctc-research' (site path: /app/ctc-research)

============================================================
                   🌍 ENVIRONMENT SUMMARY                    
============================================================
│ Environment          : 🚀 production                        │
│ Runtime              : 🐳 docker                            │
│ Module               : 📦 LMS                               │
│ Website              : ctc-research                        │
│ Domain               : ctc-research.com                    │
│ Debug Mode           : ✅ Disabled                          │
│ Production           : ✅ Yes                               │
│ Containerized        : ✅ Yes                               │
============================================================
                  ⚙️ CONFIGURATION STATUS                   
============================================================
│ Server Host          : 0.0.0.0                             │
│ Server Port          : 5070                                │
============================================================

Installed 6 object(s) from 1 fixture(s)
[0;32m✅ Loaded: Locales[0m
[0;34m[2026-06-02 19:28:41][0m Loading: Site
Using site 'ctc-research' (site path: /app/ctc-research)

============================================================
                   🌍 ENVIRONMENT SUMMARY                    
============================================================
│ Environment          : 🚀 production                        │
│ Runtime              : 🐳 docker                            │
│ Module               : 📦 LMS                               │
│ Website              : ctc-research                        │
│ Domain               : ctc-research.com                    │
│ Debug Mode           : ✅ Disabled                          │
│ Production           : ✅ Yes                               │
│ Containerized        : ✅ Yes                               │
============================================================
                  ⚙️ CONFIGURATION STATUS                   
============================================================
│ Server Host          : 0.0.0.0                             │
│ Server Port          : 5070                                │
============================================================

Traceback (most recent call last):
  File "/opt/venv/lib/python3.12/site-packages/django/db/backends/utils.py", line 103, in _execute
    return self.cursor.execute(sql)
           ^^^^^^^^^^^^^^^^^^^^^^^^
  File "/opt/venv/lib/python3.12/site-packages/psycopg/cursor.py", line 117, in execute
    raise ex.with_traceback(None)
psycopg.errors.ForeignKeyViolation: insert or update on table "wagtailcore_site" violates foreign key constraint "wagtailcore_site_root_page_id_e02fb95c_fk_wagtailcore_page_id"
DETAIL:  Key (root_page_id)=(3) is not present in table "wagtailcore_page".

The above exception was the direct cause of the following exception:

Traceback (most recent call last):
  File "/app/manage.py", line 120, in <module>
    main()
  File "/app/manage.py", line 116, in main
    execute_from_command_line(sys.argv)
  File "/opt/venv/lib/python3.12/site-packages/django/core/management/__init__.py", line 443, in execute_from_command_line
    utility.execute()
  File "/opt/venv/lib/python3.12/site-packages/django/core/management/__init__.py", line 437, in execute
    self.fetch_command(subcommand).run_from_argv(self.argv)
  File "/opt/venv/lib/python3.12/site-packages/django/core/management/base.py", line 420, in run_from_argv
    self.execute(*args, **cmd_options)
  File "/opt/venv/lib/python3.12/site-packages/django/core/management/base.py", line 464, in execute
    output = self.handle(*args, **options)
             ^^^^^^^^^^^^^^^^^^^^^^^^^^^^^
  File "/opt/venv/lib/python3.12/site-packages/django/core/management/commands/loaddata.py", line 103, in handle
    self.loaddata(fixture_labels)
  File "/opt/venv/lib/python3.12/site-packages/django/core/management/commands/loaddata.py", line 172, in loaddata
    connection.check_constraints(table_names=table_names)
  File "/opt/venv/lib/python3.12/site-packages/django/db/backends/postgresql/base.py", line 483, in check_constraints
    cursor.execute("SET CONSTRAINTS ALL IMMEDIATE")
  File "/opt/venv/lib/python3.12/site-packages/django/db/backends/utils.py", line 79, in execute
    return self._execute_with_wrappers(
           ^^^^^^^^^^^^^^^^^^^^^^^^^^^^
  File "/opt/venv/lib/python3.12/site-packages/django/db/backends/utils.py", line 92, in _execute_with_wrappers
    return executor(sql, params, many, context)
           ^^^^^^^^^^^^^^^^^^^^^^^^^^^^^^^^^^^^
  File "/opt/venv/lib/python3.12/site-packages/django/db/backends/utils.py", line 100, in _execute
    with self.db.wrap_database_errors:
         ^^^^^^^^^^^^^^^^^^^^^^^^^^^^
  File "/opt/venv/lib/python3.12/site-packages/django/db/utils.py", line 94, in __exit__
    raise dj_exc_value.with_traceback(traceback) from exc_value
  File "/opt/venv/lib/python3.12/site-packages/django/db/backends/utils.py", line 103, in _execute
    return self.cursor.execute(sql)
           ^^^^^^^^^^^^^^^^^^^^^^^^
  File "/opt/venv/lib/python3.12/site-packages/psycopg/cursor.py", line 117, in execute
    raise ex.with_traceback(None)
django.db.utils.IntegrityError: Problem installing fixtures: insert or update on table "wagtailcore_site" violates foreign key constraint "wagtailcore_site_root_page_id_e02fb95c_fk_wagtailcore_page_id"
DETAIL:  Key (root_page_id)=(3) is not present in table "wagtailcore_page".
[1;33m⚠️  Issue loading: Site (may already exist or have dependencies)[0m

[0;34m[2026-06-02 19:28:47][0m Step 2/5: Loading page structure...
[0;34m[2026-06-02 19:28:47][0m Loading: Base Pages
Using site 'ctc-research' (site path: /app/ctc-research)

============================================================
                   🌍 ENVIRONMENT SUMMARY                    
============================================================
│ Environment          : 🚀 production                        │
│ Runtime              : 🐳 docker                            │
│ Module               : 📦 LMS                               │
│ Website              : ctc-research                        │
│ Domain               : ctc-research.com                    │
│ Debug Mode           : ✅ Disabled                          │
│ Production           : ✅ Yes                               │
│ Containerized        : ✅ Yes                               │
============================================================
                  ⚙️ CONFIGURATION STATUS                   
============================================================
│ Server Host          : 0.0.0.0                             │
│ Server Port          : 5070                                │
============================================================

[2026-06-02 19:28:51] INFO     django_tasks:47  Task id=4AfYipPJVut9O6mfCKgWI5mgpwntx6u9 path=modelsearch.tasks.insert_or_update_object_task state=RUNNING
[2026-06-02 19:28:51] INFO     django_tasks:65  Task id=4AfYipPJVut9O6mfCKgWI5mgpwntx6u9 path=modelsearch.tasks.insert_or_update_object_task state=SUCCEEDED
[2026-06-02 19:28:51] INFO     django_tasks:47  Task id=coirbC5c90GMMPi99mOj77qJFMmaeABJ path=modelsearch.tasks.insert_or_update_object_task state=RUNNING
[2026-06-02 19:28:51] ERROR    django_tasks:65  Task id=coirbC5c90GMMPi99mOj77qJFMmaeABJ path=modelsearch.tasks.insert_or_update_object_task state=FAILED
Traceback (most recent call last):
  File "/opt/venv/lib/python3.12/site-packages/django_tasks/backends/immediate.py", line 59, in _execute_task
    raw_return_value = task.call(*task_result.args, **task_result.kwargs)
                       ^^^^^^^^^^^^^^^^^^^^^^^^^^^^^^^^^^^^^^^^^^^^^^^^^^
  File "/opt/venv/lib/python3.12/site-packages/django_tasks/base.py", line 166, in call
    return self.func(*args, **kwargs)
           ^^^^^^^^^^^^^^^^^^^^^^^^^^
  File "/opt/venv/lib/python3.12/site-packages/modelsearch/tasks.py", line 10, in insert_or_update_object_task
    index.insert_or_update_object(model.objects.get(pk=pk))
  File "/opt/venv/lib/python3.12/site-packages/modelsearch/index.py", line 175, in insert_or_update_object
    indexed_instance = get_indexed_instance(instance)
                       ^^^^^^^^^^^^^^^^^^^^^^^^^^^^^^
  File "/opt/venv/lib/python3.12/site-packages/modelsearch/index.py", line 165, in get_indexed_instance
    .get_indexed_objects()
     ^^^^^^^^^^^^^^^^^^^
AttributeError: type object 'Permission' has no attribute 'get_indexed_objects'
[2026-06-02 19:28:51] INFO     django_tasks:47  Task id=OQzWSfxjgGrGbrM658bGxAiFZ0WwWNwe path=modelsearch.tasks.insert_or_update_object_task state=RUNNING
[2026-06-02 19:28:51] INFO     django_tasks:65  Task id=OQzWSfxjgGrGbrM658bGxAiFZ0WwWNwe path=modelsearch.tasks.insert_or_update_object_task state=SUCCEEDED
[2026-06-02 19:28:51] INFO     django_tasks:47  Task id=PbmOjOYrDTtrEgn5jQVBlt1vcQngsUZS path=modelsearch.tasks.insert_or_update_object_task state=RUNNING
[2026-06-02 19:28:51] INFO     django_tasks:65  Task id=PbmOjOYrDTtrEgn5jQVBlt1vcQngsUZS path=modelsearch.tasks.insert_or_update_object_task state=SUCCEEDED
[2026-06-02 19:28:51] INFO     django_tasks:47  Task id=8keyKI5XrfzZ8LQJpI8zMzlXJeA4Jev1 path=modelsearch.tasks.insert_or_update_object_task state=RUNNING
[2026-06-02 19:28:51] INFO     django_tasks:65  Task id=8keyKI5XrfzZ8LQJpI8zMzlXJeA4Jev1 path=modelsearch.tasks.insert_or_update_object_task state=SUCCEEDED
[2026-06-02 19:28:51] INFO     django_tasks:47  Task id=jk9Tvnpe3QX1eIu89dOwDcAkSyRwDKq7 path=modelsearch.tasks.insert_or_update_object_task state=RUNNING
[2026-06-02 19:28:51] ERROR    django_tasks:65  Task id=jk9Tvnpe3QX1eIu89dOwDcAkSyRwDKq7 path=modelsearch.tasks.insert_or_update_object_task state=FAILED
Traceback (most recent call last):
  File "/opt/venv/lib/python3.12/site-packages/django/contrib/contenttypes/models.py", line 110, in get_for_id
    ct = self._cache[self.db][id]
         ~~~~~~~~~~~~~~~~~~~~^^^^
KeyError: 95

During handling of the above exception, another exception occurred:

Traceback (most recent call last):
  File "/opt/venv/lib/python3.12/site-packages/wagtail/models/pages.py", line 1508, in get_indexed_instance
    return self.specific
           ^^^^^^^^^^^^^
  File "/opt/venv/lib/python3.12/site-packages/django/utils/functional.py", line 47, in __get__
    res = instance.__dict__[self.name] = self.func(instance)
                                         ^^^^^^^^^^^^^^^^^^^
  File "/opt/venv/lib/python3.12/site-packages/wagtail/models/specific.py", line 93, in specific
    return self.get_specific()
           ^^^^^^^^^^^^^^^^^^^
  File "/opt/venv/lib/python3.12/site-packages/wagtail/models/specific.py", line 48, in get_specific
    model_class = self.specific_class
                  ^^^^^^^^^^^^^^^^^^^
  File "/opt/venv/lib/python3.12/site-packages/django/utils/functional.py", line 47, in __get__
    res = instance.__dict__[self.name] = self.func(instance)
                                         ^^^^^^^^^^^^^^^^^^^
  File "/opt/venv/lib/python3.12/site-packages/wagtail/models/specific.py", line 119, in specific_class
    return self.cached_content_type.model_class()
           ^^^^^^^^^^^^^^^^^^^^^^^^
  File "/opt/venv/lib/python3.12/site-packages/wagtail/models/specific.py", line 128, in cached_content_type
    return ContentType.objects.get_for_id(self.content_type_id)
           ^^^^^^^^^^^^^^^^^^^^^^^^^^^^^^^^^^^^^^^^^^^^^^^^^^^^
  File "/opt/venv/lib/python3.12/site-packages/django/contrib/contenttypes/models.py", line 114, in get_for_id
    ct = self.get(pk=id)
         ^^^^^^^^^^^^^^^
  File "/opt/venv/lib/python3.12/site-packages/django/db/models/manager.py", line 87, in manager_method
    return getattr(self.get_queryset(), name)(*args, **kwargs)
           ^^^^^^^^^^^^^^^^^^^^^^^^^^^^^^^^^^^^^^^^^^^^^^^^^^^
  File "/opt/venv/lib/python3.12/site-packages/django/db/models/query.py", line 639, in get
    raise self.model.DoesNotExist(
django.contrib.contenttypes.models.ContentType.DoesNotExist: ContentType matching query does not exist.

During handling of the above exception, another exception occurred:

Traceback (most recent call last):
  File "/opt/venv/lib/python3.12/site-packages/django/contrib/contenttypes/models.py", line 110, in get_for_id
    ct = self._cache[self.db][id]
         ~~~~~~~~~~~~~~~~~~~~^^^^
KeyError: 95

During handling of the above exception, another exception occurred:

Traceback (most recent call last):
  File "/opt/venv/lib/python3.12/site-packages/django_tasks/backends/immediate.py", line 59, in _execute_task
    raw_return_value = task.call(*task_result.args, **task_result.kwargs)
                       ^^^^^^^^^^^^^^^^^^^^^^^^^^^^^^^^^^^^^^^^^^^^^^^^^^
  File "/opt/venv/lib/python3.12/site-packages/django_tasks/base.py", line 166, in call
    return self.func(*args, **kwargs)
           ^^^^^^^^^^^^^^^^^^^^^^^^^^
  File "/opt/venv/lib/python3.12/site-packages/modelsearch/tasks.py", line 10, in insert_or_update_object_task
    index.insert_or_update_object(model.objects.get(pk=pk))
  File "/opt/venv/lib/python3.12/site-packages/modelsearch/index.py", line 175, in insert_or_update_object
    indexed_instance = get_indexed_instance(instance)
                       ^^^^^^^^^^^^^^^^^^^^^^^^^^^^^^
  File "/opt/venv/lib/python3.12/site-packages/modelsearch/index.py", line 157, in get_indexed_instance
    indexed_instance = instance.get_indexed_instance()
                       ^^^^^^^^^^^^^^^^^^^^^^^^^^^^^^^
  File "/opt/venv/lib/python3.12/site-packages/wagtail/models/pages.py", line 1509, in get_indexed_instance
    except self.specific_class.DoesNotExist:
           ^^^^^^^^^^^^^^^^^^^
  File "/opt/venv/lib/python3.12/site-packages/django/utils/functional.py", line 47, in __get__
    res = instance.__dict__[self.name] = self.func(instance)
                                         ^^^^^^^^^^^^^^^^^^^
  File "/opt/venv/lib/python3.12/site-packages/wagtail/models/specific.py", line 119, in specific_class
    return self.cached_content_type.model_class()
           ^^^^^^^^^^^^^^^^^^^^^^^^
  File "/opt/venv/lib/python3.12/site-packages/wagtail/models/specific.py", line 128, in cached_content_type
    return ContentType.objects.get_for_id(self.content_type_id)
           ^^^^^^^^^^^^^^^^^^^^^^^^^^^^^^^^^^^^^^^^^^^^^^^^^^^^
  File "/opt/venv/lib/python3.12/site-packages/django/contrib/contenttypes/models.py", line 114, in get_for_id
    ct = self.get(pk=id)
         ^^^^^^^^^^^^^^^
  File "/opt/venv/lib/python3.12/site-packages/django/db/models/manager.py", line 87, in manager_method
    return getattr(self.get_queryset(), name)(*args, **kwargs)
           ^^^^^^^^^^^^^^^^^^^^^^^^^^^^^^^^^^^^^^^^^^^^^^^^^^^
  File "/opt/venv/lib/python3.12/site-packages/django/db/models/query.py", line 639, in get
    raise self.model.DoesNotExist(
django.contrib.contenttypes.models.ContentType.DoesNotExist: ContentType matching query does not exist.
[2026-06-02 19:28:51] INFO     django_tasks:47  Task id=9GceIo2xb1Fqr5BLOEsYDUke6cPHPNbz path=modelsearch.tasks.insert_or_update_object_task state=RUNNING
[2026-06-02 19:28:51] ERROR    django_tasks:65  Task id=9GceIo2xb1Fqr5BLOEsYDUke6cPHPNbz path=modelsearch.tasks.insert_or_update_object_task state=FAILED
Traceback (most recent call last):
  File "/opt/venv/lib/python3.12/site-packages/django_tasks/backends/immediate.py", line 59, in _execute_task
    raw_return_value = task.call(*task_result.args, **task_result.kwargs)
                       ^^^^^^^^^^^^^^^^^^^^^^^^^^^^^^^^^^^^^^^^^^^^^^^^^^
  File "/opt/venv/lib/python3.12/site-packages/django_tasks/base.py", line 166, in call
    return self.func(*args, **kwargs)
           ^^^^^^^^^^^^^^^^^^^^^^^^^^
  File "/opt/venv/lib/python3.12/site-packages/modelsearch/tasks.py", line 10, in insert_or_update_object_task
    index.insert_or_update_object(model.objects.get(pk=pk))
  File "/opt/venv/lib/python3.12/site-packages/modelsearch/index.py", line 175, in insert_or_update_object
    indexed_instance = get_indexed_instance(instance)
                       ^^^^^^^^^^^^^^^^^^^^^^^^^^^^^^
  File "/opt/venv/lib/python3.12/site-packages/modelsearch/index.py", line 165, in get_indexed_instance
    .get_indexed_objects()
     ^^^^^^^^^^^^^^^^^^^
AttributeError: type object 'Permission' has no attribute 'get_indexed_objects'
[2026-06-02 19:28:51] INFO     django_tasks:47  Task id=G7vFG0evvcVY0kQkR4LaMf0xSgz46ObR path=modelsearch.tasks.insert_or_update_object_task state=RUNNING
[2026-06-02 19:28:51] INFO     django_tasks:65  Task id=G7vFG0evvcVY0kQkR4LaMf0xSgz46ObR path=modelsearch.tasks.insert_or_update_object_task state=SUCCEEDED
[2026-06-02 19:28:51] INFO     django_tasks:47  Task id=RoighXTcDYLzOLUSwiFqDb7DqkQsKdZu path=modelsearch.tasks.insert_or_update_object_task state=RUNNING
[2026-06-02 19:28:51] INFO     django_tasks:65  Task id=RoighXTcDYLzOLUSwiFqDb7DqkQsKdZu path=modelsearch.tasks.insert_or_update_object_task state=SUCCEEDED
[2026-06-02 19:28:51] INFO     django_tasks:47  Task id=zwQopL8LzvXQjPp3HuYLb8oKKmW9rUF2 path=modelsearch.tasks.insert_or_update_object_task state=RUNNING
[2026-06-02 19:28:51] INFO     django_tasks:65  Task id=zwQopL8LzvXQjPp3HuYLb8oKKmW9rUF2 path=modelsearch.tasks.insert_or_update_object_task state=SUCCEEDED
[2026-06-02 19:28:51] INFO     django_tasks:47  Task id=ezz1cfAEHuutyW2ebg5gxMP5AZw0beAO path=modelsearch.tasks.insert_or_update_object_task state=RUNNING
[2026-06-02 19:28:51] ERROR    django_tasks:65  Task id=ezz1cfAEHuutyW2ebg5gxMP5AZw0beAO path=modelsearch.tasks.insert_or_update_object_task state=FAILED
Traceback (most recent call last):
  File "/opt/venv/lib/python3.12/site-packages/django/contrib/contenttypes/models.py", line 110, in get_for_id
    ct = self._cache[self.db][id]
         ~~~~~~~~~~~~~~~~~~~~^^^^
KeyError: 95

During handling of the above exception, another exception occurred:

Traceback (most recent call last):
  File "/opt/venv/lib/python3.12/site-packages/wagtail/models/pages.py", line 1508, in get_indexed_instance
    return self.specific
           ^^^^^^^^^^^^^
  File "/opt/venv/lib/python3.12/site-packages/django/utils/functional.py", line 47, in __get__
    res = instance.__dict__[self.name] = self.func(instance)
                                         ^^^^^^^^^^^^^^^^^^^
  File "/opt/venv/lib/python3.12/site-packages/wagtail/models/specific.py", line 93, in specific
    return self.get_specific()
           ^^^^^^^^^^^^^^^^^^^
  File "/opt/venv/lib/python3.12/site-packages/wagtail/models/specific.py", line 48, in get_specific
    model_class = self.specific_class
                  ^^^^^^^^^^^^^^^^^^^
  File "/opt/venv/lib/python3.12/site-packages/django/utils/functional.py", line 47, in __get__
    res = instance.__dict__[self.name] = self.func(instance)
                                         ^^^^^^^^^^^^^^^^^^^
  File "/opt/venv/lib/python3.12/site-packages/wagtail/models/specific.py", line 119, in specific_class
    return self.cached_content_type.model_class()
           ^^^^^^^^^^^^^^^^^^^^^^^^
  File "/opt/venv/lib/python3.12/site-packages/wagtail/models/specific.py", line 128, in cached_content_type
    return ContentType.objects.get_for_id(self.content_type_id)
           ^^^^^^^^^^^^^^^^^^^^^^^^^^^^^^^^^^^^^^^^^^^^^^^^^^^^
  File "/opt/venv/lib/python3.12/site-packages/django/contrib/contenttypes/models.py", line 114, in get_for_id
    ct = self.get(pk=id)
         ^^^^^^^^^^^^^^^
  File "/opt/venv/lib/python3.12/site-packages/django/db/models/manager.py", line 87, in manager_method
    return getattr(self.get_queryset(), name)(*args, **kwargs)
           ^^^^^^^^^^^^^^^^^^^^^^^^^^^^^^^^^^^^^^^^^^^^^^^^^^^
  File "/opt/venv/lib/python3.12/site-packages/django/db/models/query.py", line 639, in get
    raise self.model.DoesNotExist(
django.contrib.contenttypes.models.ContentType.DoesNotExist: ContentType matching query does not exist.

During handling of the above exception, another exception occurred:

Traceback (most recent call last):
  File "/opt/venv/lib/python3.12/site-packages/django/contrib/contenttypes/models.py", line 110, in get_for_id
    ct = self._cache[self.db][id]
         ~~~~~~~~~~~~~~~~~~~~^^^^
KeyError: 95

During handling of the above exception, another exception occurred:

Traceback (most recent call last):
  File "/opt/venv/lib/python3.12/site-packages/django_tasks/backends/immediate.py", line 59, in _execute_task
    raw_return_value = task.call(*task_result.args, **task_result.kwargs)
                       ^^^^^^^^^^^^^^^^^^^^^^^^^^^^^^^^^^^^^^^^^^^^^^^^^^
  File "/opt/venv/lib/python3.12/site-packages/django_tasks/base.py", line 166, in call
    return self.func(*args, **kwargs)
           ^^^^^^^^^^^^^^^^^^^^^^^^^^
  File "/opt/venv/lib/python3.12/site-packages/modelsearch/tasks.py", line 10, in insert_or_update_object_task
    index.insert_or_update_object(model.objects.get(pk=pk))
  File "/opt/venv/lib/python3.12/site-packages/modelsearch/index.py", line 175, in insert_or_update_object
    indexed_instance = get_indexed_instance(instance)
                       ^^^^^^^^^^^^^^^^^^^^^^^^^^^^^^
  File "/opt/venv/lib/python3.12/site-packages/modelsearch/index.py", line 157, in get_indexed_instance
    indexed_instance = instance.get_indexed_instance()
                       ^^^^^^^^^^^^^^^^^^^^^^^^^^^^^^^
  File "/opt/venv/lib/python3.12/site-packages/wagtail/models/pages.py", line 1509, in get_indexed_instance
    except self.specific_class.DoesNotExist:
           ^^^^^^^^^^^^^^^^^^^
  File "/opt/venv/lib/python3.12/site-packages/django/utils/functional.py", line 47, in __get__
    res = instance.__dict__[self.name] = self.func(instance)
                                         ^^^^^^^^^^^^^^^^^^^
  File "/opt/venv/lib/python3.12/site-packages/wagtail/models/specific.py", line 119, in specific_class
    return self.cached_content_type.model_class()
           ^^^^^^^^^^^^^^^^^^^^^^^^
  File "/opt/venv/lib/python3.12/site-packages/wagtail/models/specific.py", line 128, in cached_content_type
    return ContentType.objects.get_for_id(self.content_type_id)
           ^^^^^^^^^^^^^^^^^^^^^^^^^^^^^^^^^^^^^^^^^^^^^^^^^^^^
  File "/opt/venv/lib/python3.12/site-packages/django/contrib/contenttypes/models.py", line 114, in get_for_id
    ct = self.get(pk=id)
         ^^^^^^^^^^^^^^^
  File "/opt/venv/lib/python3.12/site-packages/django/db/models/manager.py", line 87, in manager_method
    return getattr(self.get_queryset(), name)(*args, **kwargs)
           ^^^^^^^^^^^^^^^^^^^^^^^^^^^^^^^^^^^^^^^^^^^^^^^^^^^
  File "/opt/venv/lib/python3.12/site-packages/django/db/models/query.py", line 639, in get
    raise self.model.DoesNotExist(
django.contrib.contenttypes.models.ContentType.DoesNotExist: ContentType matching query does not exist.
[2026-06-02 19:28:51] INFO     django_tasks:47  Task id=Uwokrzly1yhYub2BgVf4AdIfZKlFPYE1 path=modelsearch.tasks.insert_or_update_object_task state=RUNNING
[2026-06-02 19:28:51] ERROR    django_tasks:65  Task id=Uwokrzly1yhYub2BgVf4AdIfZKlFPYE1 path=modelsearch.tasks.insert_or_update_object_task state=FAILED
Traceback (most recent call last):
  File "/opt/venv/lib/python3.12/site-packages/django_tasks/backends/immediate.py", line 59, in _execute_task
    raw_return_value = task.call(*task_result.args, **task_result.kwargs)
                       ^^^^^^^^^^^^^^^^^^^^^^^^^^^^^^^^^^^^^^^^^^^^^^^^^^
  File "/opt/venv/lib/python3.12/site-packages/django_tasks/base.py", line 166, in call
    return self.func(*args, **kwargs)
           ^^^^^^^^^^^^^^^^^^^^^^^^^^
  File "/opt/venv/lib/python3.12/site-packages/modelsearch/tasks.py", line 10, in insert_or_update_object_task
    index.insert_or_update_object(model.objects.get(pk=pk))
  File "/opt/venv/lib/python3.12/site-packages/modelsearch/index.py", line 175, in insert_or_update_object
    indexed_instance = get_indexed_instance(instance)
                       ^^^^^^^^^^^^^^^^^^^^^^^^^^^^^^
  File "/opt/venv/lib/python3.12/site-packages/modelsearch/index.py", line 165, in get_indexed_instance
    .get_indexed_objects()
     ^^^^^^^^^^^^^^^^^^^
AttributeError: type object 'Permission' has no attribute 'get_indexed_objects'
[2026-06-02 19:28:51] INFO     django_tasks:47  Task id=MZDTMYWqsqesmXf5AOTLDHMMt3LKf6pU path=modelsearch.tasks.insert_or_update_object_task state=RUNNING
[2026-06-02 19:28:51] INFO     django_tasks:65  Task id=MZDTMYWqsqesmXf5AOTLDHMMt3LKf6pU path=modelsearch.tasks.insert_or_update_object_task state=SUCCEEDED
[2026-06-02 19:28:51] INFO     django_tasks:47  Task id=jQLiAPPR8GJ1bO1SiyznbeCfQiGKpAku path=modelsearch.tasks.insert_or_update_object_task state=RUNNING
[2026-06-02 19:28:51] INFO     django_tasks:65  Task id=jQLiAPPR8GJ1bO1SiyznbeCfQiGKpAku path=modelsearch.tasks.insert_or_update_object_task state=SUCCEEDED
[2026-06-02 19:28:51] INFO     django_tasks:47  Task id=f9qvJXRtvzg4FLZSZBpkgOsDp5yBGzmO path=modelsearch.tasks.insert_or_update_object_task state=RUNNING
[2026-06-02 19:28:51] INFO     django_tasks:65  Task id=f9qvJXRtvzg4FLZSZBpkgOsDp5yBGzmO path=modelsearch.tasks.insert_or_update_object_task state=SUCCEEDED
[2026-06-02 19:28:51] INFO     django_tasks:47  Task id=FEVLiBUggJn05AsdAH8vv9KzOG4jhXnd path=modelsearch.tasks.insert_or_update_object_task state=RUNNING
[2026-06-02 19:28:51] ERROR    django_tasks:65  Task id=FEVLiBUggJn05AsdAH8vv9KzOG4jhXnd path=modelsearch.tasks.insert_or_update_object_task state=FAILED
Traceback (most recent call last):
  File "/opt/venv/lib/python3.12/site-packages/django/contrib/contenttypes/models.py", line 110, in get_for_id
    ct = self._cache[self.db][id]
         ~~~~~~~~~~~~~~~~~~~~^^^^
KeyError: 95

During handling of the above exception, another exception occurred:

Traceback (most recent call last):
  File "/opt/venv/lib/python3.12/site-packages/wagtail/models/pages.py", line 1508, in get_indexed_instance
    return self.specific
           ^^^^^^^^^^^^^
  File "/opt/venv/lib/python3.12/site-packages/django/utils/functional.py", line 47, in __get__
    res = instance.__dict__[self.name] = self.func(instance)
                                         ^^^^^^^^^^^^^^^^^^^
  File "/opt/venv/lib/python3.12/site-packages/wagtail/models/specific.py", line 93, in specific
    return self.get_specific()
           ^^^^^^^^^^^^^^^^^^^
  File "/opt/venv/lib/python3.12/site-packages/wagtail/models/specific.py", line 48, in get_specific
    model_class = self.specific_class
                  ^^^^^^^^^^^^^^^^^^^
  File "/opt/venv/lib/python3.12/site-packages/django/utils/functional.py", line 47, in __get__
    res = instance.__dict__[self.name] = self.func(instance)
                                         ^^^^^^^^^^^^^^^^^^^
  File "/opt/venv/lib/python3.12/site-packages/wagtail/models/specific.py", line 119, in specific_class
    return self.cached_content_type.model_class()
           ^^^^^^^^^^^^^^^^^^^^^^^^
  File "/opt/venv/lib/python3.12/site-packages/wagtail/models/specific.py", line 128, in cached_content_type
    return ContentType.objects.get_for_id(self.content_type_id)
           ^^^^^^^^^^^^^^^^^^^^^^^^^^^^^^^^^^^^^^^^^^^^^^^^^^^^
  File "/opt/venv/lib/python3.12/site-packages/django/contrib/contenttypes/models.py", line 114, in get_for_id
    ct = self.get(pk=id)
         ^^^^^^^^^^^^^^^
  File "/opt/venv/lib/python3.12/site-packages/django/db/models/manager.py", line 87, in manager_method
    return getattr(self.get_queryset(), name)(*args, **kwargs)
           ^^^^^^^^^^^^^^^^^^^^^^^^^^^^^^^^^^^^^^^^^^^^^^^^^^^
  File "/opt/venv/lib/python3.12/site-packages/django/db/models/query.py", line 639, in get
    raise self.model.DoesNotExist(
django.contrib.contenttypes.models.ContentType.DoesNotExist: ContentType matching query does not exist.

During handling of the above exception, another exception occurred:

Traceback (most recent call last):
  File "/opt/venv/lib/python3.12/site-packages/django/contrib/contenttypes/models.py", line 110, in get_for_id
    ct = self._cache[self.db][id]
         ~~~~~~~~~~~~~~~~~~~~^^^^
KeyError: 95

During handling of the above exception, another exception occurred:

Traceback (most recent call last):
  File "/opt/venv/lib/python3.12/site-packages/django_tasks/backends/immediate.py", line 59, in _execute_task
    raw_return_value = task.call(*task_result.args, **task_result.kwargs)
                       ^^^^^^^^^^^^^^^^^^^^^^^^^^^^^^^^^^^^^^^^^^^^^^^^^^
  File "/opt/venv/lib/python3.12/site-packages/django_tasks/base.py", line 166, in call
    return self.func(*args, **kwargs)
           ^^^^^^^^^^^^^^^^^^^^^^^^^^
  File "/opt/venv/lib/python3.12/site-packages/modelsearch/tasks.py", line 10, in insert_or_update_object_task
    index.insert_or_update_object(model.objects.get(pk=pk))
  File "/opt/venv/lib/python3.12/site-packages/modelsearch/index.py", line 175, in insert_or_update_object
    indexed_instance = get_indexed_instance(instance)
                       ^^^^^^^^^^^^^^^^^^^^^^^^^^^^^^
  File "/opt/venv/lib/python3.12/site-packages/modelsearch/index.py", line 157, in get_indexed_instance
    indexed_instance = instance.get_indexed_instance()
                       ^^^^^^^^^^^^^^^^^^^^^^^^^^^^^^^
  File "/opt/venv/lib/python3.12/site-packages/wagtail/models/pages.py", line 1509, in get_indexed_instance
    except self.specific_class.DoesNotExist:
           ^^^^^^^^^^^^^^^^^^^
  File "/opt/venv/lib/python3.12/site-packages/django/utils/functional.py", line 47, in __get__
    res = instance.__dict__[self.name] = self.func(instance)
                                         ^^^^^^^^^^^^^^^^^^^
  File "/opt/venv/lib/python3.12/site-packages/wagtail/models/specific.py", line 119, in specific_class
    return self.cached_content_type.model_class()
           ^^^^^^^^^^^^^^^^^^^^^^^^
  File "/opt/venv/lib/python3.12/site-packages/wagtail/models/specific.py", line 128, in cached_content_type
    return ContentType.objects.get_for_id(self.content_type_id)
           ^^^^^^^^^^^^^^^^^^^^^^^^^^^^^^^^^^^^^^^^^^^^^^^^^^^^
  File "/opt/venv/lib/python3.12/site-packages/django/contrib/contenttypes/models.py", line 114, in get_for_id
    ct = self.get(pk=id)
         ^^^^^^^^^^^^^^^
  File "/opt/venv/lib/python3.12/site-packages/django/db/models/manager.py", line 87, in manager_method
    return getattr(self.get_queryset(), name)(*args, **kwargs)
           ^^^^^^^^^^^^^^^^^^^^^^^^^^^^^^^^^^^^^^^^^^^^^^^^^^^
  File "/opt/venv/lib/python3.12/site-packages/django/db/models/query.py", line 639, in get
    raise self.model.DoesNotExist(
django.contrib.contenttypes.models.ContentType.DoesNotExist: ContentType matching query does not exist.
[2026-06-02 19:28:51] INFO     django_tasks:47  Task id=ctDpnMxdGs8jRDQWgslpneKlkVvUv1Dv path=modelsearch.tasks.insert_or_update_object_task state=RUNNING
[2026-06-02 19:28:51] ERROR    django_tasks:65  Task id=ctDpnMxdGs8jRDQWgslpneKlkVvUv1Dv path=modelsearch.tasks.insert_or_update_object_task state=FAILED
Traceback (most recent call last):
  File "/opt/venv/lib/python3.12/site-packages/django_tasks/backends/immediate.py", line 59, in _execute_task
    raw_return_value = task.call(*task_result.args, **task_result.kwargs)
                       ^^^^^^^^^^^^^^^^^^^^^^^^^^^^^^^^^^^^^^^^^^^^^^^^^^
  File "/opt/venv/lib/python3.12/site-packages/django_tasks/base.py", line 166, in call
    return self.func(*args, **kwargs)
           ^^^^^^^^^^^^^^^^^^^^^^^^^^
  File "/opt/venv/lib/python3.12/site-packages/modelsearch/tasks.py", line 10, in insert_or_update_object_task
    index.insert_or_update_object(model.objects.get(pk=pk))
  File "/opt/venv/lib/python3.12/site-packages/modelsearch/index.py", line 175, in insert_or_update_object
    indexed_instance = get_indexed_instance(instance)
                       ^^^^^^^^^^^^^^^^^^^^^^^^^^^^^^
  File "/opt/venv/lib/python3.12/site-packages/modelsearch/index.py", line 165, in get_indexed_instance
    .get_indexed_objects()
     ^^^^^^^^^^^^^^^^^^^
AttributeError: type object 'Permission' has no attribute 'get_indexed_objects'
[2026-06-02 19:28:51] INFO     django_tasks:47  Task id=8p9FOW548BK7H97eNbG26PRsJT5XuZxS path=modelsearch.tasks.insert_or_update_object_task state=RUNNING
[2026-06-02 19:28:51] INFO     django_tasks:65  Task id=8p9FOW548BK7H97eNbG26PRsJT5XuZxS path=modelsearch.tasks.insert_or_update_object_task state=SUCCEEDED
[2026-06-02 19:28:51] INFO     django_tasks:47  Task id=6UZoaEhDTP3MxZEJ2FSyFDjlVCJPzvtg path=modelsearch.tasks.insert_or_update_object_task state=RUNNING
[2026-06-02 19:28:51] INFO     django_tasks:65  Task id=6UZoaEhDTP3MxZEJ2FSyFDjlVCJPzvtg path=modelsearch.tasks.insert_or_update_object_task state=SUCCEEDED
[2026-06-02 19:28:51] INFO     django_tasks:47  Task id=QFbzHc4w8nEsjoYR0vbwb6ol7rr60HtC path=modelsearch.tasks.insert_or_update_object_task state=RUNNING
[2026-06-02 19:28:51] INFO     django_tasks:65  Task id=QFbzHc4w8nEsjoYR0vbwb6ol7rr60HtC path=modelsearch.tasks.insert_or_update_object_task state=SUCCEEDED
[2026-06-02 19:28:51] INFO     django_tasks:47  Task id=hTdfP9L6AREGP3OGkkIgkUAbucFBt8kD path=modelsearch.tasks.insert_or_update_object_task state=RUNNING
[2026-06-02 19:28:51] ERROR    django_tasks:65  Task id=hTdfP9L6AREGP3OGkkIgkUAbucFBt8kD path=modelsearch.tasks.insert_or_update_object_task state=FAILED
Traceback (most recent call last):
  File "/opt/venv/lib/python3.12/site-packages/django/contrib/contenttypes/models.py", line 110, in get_for_id
    ct = self._cache[self.db][id]
         ~~~~~~~~~~~~~~~~~~~~^^^^
KeyError: 95

During handling of the above exception, another exception occurred:

Traceback (most recent call last):
  File "/opt/venv/lib/python3.12/site-packages/wagtail/models/pages.py", line 1508, in get_indexed_instance
    return self.specific
           ^^^^^^^^^^^^^
  File "/opt/venv/lib/python3.12/site-packages/django/utils/functional.py", line 47, in __get__
    res = instance.__dict__[self.name] = self.func(instance)
                                         ^^^^^^^^^^^^^^^^^^^
  File "/opt/venv/lib/python3.12/site-packages/wagtail/models/specific.py", line 93, in specific
    return self.get_specific()
           ^^^^^^^^^^^^^^^^^^^
  File "/opt/venv/lib/python3.12/site-packages/wagtail/models/specific.py", line 48, in get_specific
    model_class = self.specific_class
                  ^^^^^^^^^^^^^^^^^^^
  File "/opt/venv/lib/python3.12/site-packages/django/utils/functional.py", line 47, in __get__
    res = instance.__dict__[self.name] = self.func(instance)
                                         ^^^^^^^^^^^^^^^^^^^
  File "/opt/venv/lib/python3.12/site-packages/wagtail/models/specific.py", line 119, in specific_class
    return self.cached_content_type.model_class()
           ^^^^^^^^^^^^^^^^^^^^^^^^
  File "/opt/venv/lib/python3.12/site-packages/wagtail/models/specific.py", line 128, in cached_content_type
    return ContentType.objects.get_for_id(self.content_type_id)
           ^^^^^^^^^^^^^^^^^^^^^^^^^^^^^^^^^^^^^^^^^^^^^^^^^^^^
  File "/opt/venv/lib/python3.12/site-packages/django/contrib/contenttypes/models.py", line 114, in get_for_id
    ct = self.get(pk=id)
         ^^^^^^^^^^^^^^^
  File "/opt/venv/lib/python3.12/site-packages/django/db/models/manager.py", line 87, in manager_method
    return getattr(self.get_queryset(), name)(*args, **kwargs)
           ^^^^^^^^^^^^^^^^^^^^^^^^^^^^^^^^^^^^^^^^^^^^^^^^^^^
  File "/opt/venv/lib/python3.12/site-packages/django/db/models/query.py", line 639, in get
    raise self.model.DoesNotExist(
django.contrib.contenttypes.models.ContentType.DoesNotExist: ContentType matching query does not exist.

During handling of the above exception, another exception occurred:

Traceback (most recent call last):
  File "/opt/venv/lib/python3.12/site-packages/django/contrib/contenttypes/models.py", line 110, in get_for_id
    ct = self._cache[self.db][id]
         ~~~~~~~~~~~~~~~~~~~~^^^^
KeyError: 95

During handling of the above exception, another exception occurred:

Traceback (most recent call last):
  File "/opt/venv/lib/python3.12/site-packages/django_tasks/backends/immediate.py", line 59, in _execute_task
    raw_return_value = task.call(*task_result.args, **task_result.kwargs)
                       ^^^^^^^^^^^^^^^^^^^^^^^^^^^^^^^^^^^^^^^^^^^^^^^^^^
  File "/opt/venv/lib/python3.12/site-packages/django_tasks/base.py", line 166, in call
    return self.func(*args, **kwargs)
           ^^^^^^^^^^^^^^^^^^^^^^^^^^
  File "/opt/venv/lib/python3.12/site-packages/modelsearch/tasks.py", line 10, in insert_or_update_object_task
    index.insert_or_update_object(model.objects.get(pk=pk))
  File "/opt/venv/lib/python3.12/site-packages/modelsearch/index.py", line 175, in insert_or_update_object
    indexed_instance = get_indexed_instance(instance)
                       ^^^^^^^^^^^^^^^^^^^^^^^^^^^^^^
  File "/opt/venv/lib/python3.12/site-packages/modelsearch/index.py", line 157, in get_indexed_instance
    indexed_instance = instance.get_indexed_instance()
                       ^^^^^^^^^^^^^^^^^^^^^^^^^^^^^^^
  File "/opt/venv/lib/python3.12/site-packages/wagtail/models/pages.py", line 1509, in get_indexed_instance
    except self.specific_class.DoesNotExist:
           ^^^^^^^^^^^^^^^^^^^
  File "/opt/venv/lib/python3.12/site-packages/django/utils/functional.py", line 47, in __get__
    res = instance.__dict__[self.name] = self.func(instance)
                                         ^^^^^^^^^^^^^^^^^^^
  File "/opt/venv/lib/python3.12/site-packages/wagtail/models/specific.py", line 119, in specific_class
    return self.cached_content_type.model_class()
           ^^^^^^^^^^^^^^^^^^^^^^^^
  File "/opt/venv/lib/python3.12/site-packages/wagtail/models/specific.py", line 128, in cached_content_type
    return ContentType.objects.get_for_id(self.content_type_id)
           ^^^^^^^^^^^^^^^^^^^^^^^^^^^^^^^^^^^^^^^^^^^^^^^^^^^^
  File "/opt/venv/lib/python3.12/site-packages/django/contrib/contenttypes/models.py", line 114, in get_for_id
    ct = self.get(pk=id)
         ^^^^^^^^^^^^^^^
  File "/opt/venv/lib/python3.12/site-packages/django/db/models/manager.py", line 87, in manager_method
    return getattr(self.get_queryset(), name)(*args, **kwargs)
           ^^^^^^^^^^^^^^^^^^^^^^^^^^^^^^^^^^^^^^^^^^^^^^^^^^^
  File "/opt/venv/lib/python3.12/site-packages/django/db/models/query.py", line 639, in get
    raise self.model.DoesNotExist(
django.contrib.contenttypes.models.ContentType.DoesNotExist: ContentType matching query does not exist.
[2026-06-02 19:28:51] INFO     django_tasks:47  Task id=srJrjvqO4RXPftL0HpE8D1Du71M5Ya0O path=modelsearch.tasks.insert_or_update_object_task state=RUNNING
[2026-06-02 19:28:51] ERROR    django_tasks:65  Task id=srJrjvqO4RXPftL0HpE8D1Du71M5Ya0O path=modelsearch.tasks.insert_or_update_object_task state=FAILED
Traceback (most recent call last):
  File "/opt/venv/lib/python3.12/site-packages/django_tasks/backends/immediate.py", line 59, in _execute_task
    raw_return_value = task.call(*task_result.args, **task_result.kwargs)
                       ^^^^^^^^^^^^^^^^^^^^^^^^^^^^^^^^^^^^^^^^^^^^^^^^^^
  File "/opt/venv/lib/python3.12/site-packages/django_tasks/base.py", line 166, in call
    return self.func(*args, **kwargs)
           ^^^^^^^^^^^^^^^^^^^^^^^^^^
  File "/opt/venv/lib/python3.12/site-packages/modelsearch/tasks.py", line 10, in insert_or_update_object_task
    index.insert_or_update_object(model.objects.get(pk=pk))
  File "/opt/venv/lib/python3.12/site-packages/modelsearch/index.py", line 175, in insert_or_update_object
    indexed_instance = get_indexed_instance(instance)
                       ^^^^^^^^^^^^^^^^^^^^^^^^^^^^^^
  File "/opt/venv/lib/python3.12/site-packages/modelsearch/index.py", line 165, in get_indexed_instance
    .get_indexed_objects()
     ^^^^^^^^^^^^^^^^^^^
AttributeError: type object 'Permission' has no attribute 'get_indexed_objects'
[2026-06-02 19:28:51] INFO     django_tasks:47  Task id=CiZwyMyg4mzmCbSmqaDxBkXLD0NvjhTK path=modelsearch.tasks.insert_or_update_object_task state=RUNNING
[2026-06-02 19:28:51] INFO     django_tasks:65  Task id=CiZwyMyg4mzmCbSmqaDxBkXLD0NvjhTK path=modelsearch.tasks.insert_or_update_object_task state=SUCCEEDED
[2026-06-02 19:28:51] INFO     django_tasks:47  Task id=ym9jzaulx6usxkWH1Tu2eBSe4xp4wWGI path=modelsearch.tasks.insert_or_update_object_task state=RUNNING
[2026-06-02 19:28:51] INFO     django_tasks:65  Task id=ym9jzaulx6usxkWH1Tu2eBSe4xp4wWGI path=modelsearch.tasks.insert_or_update_object_task state=SUCCEEDED
[2026-06-02 19:28:51] INFO     django_tasks:47  Task id=pj6xbWAOyQgRaRtUbQ90a19x4NymC29w path=modelsearch.tasks.insert_or_update_object_task state=RUNNING
[2026-06-02 19:28:51] INFO     django_tasks:65  Task id=pj6xbWAOyQgRaRtUbQ90a19x4NymC29w path=modelsearch.tasks.insert_or_update_object_task state=SUCCEEDED
[2026-06-02 19:28:51] INFO     django_tasks:47  Task id=F0KAYd9lHKTHbmDorjLrWWC0ckZYtXXJ path=modelsearch.tasks.insert_or_update_object_task state=RUNNING
[2026-06-02 19:28:51] ERROR    django_tasks:65  Task id=F0KAYd9lHKTHbmDorjLrWWC0ckZYtXXJ path=modelsearch.tasks.insert_or_update_object_task state=FAILED
Traceback (most recent call last):
  File "/opt/venv/lib/python3.12/site-packages/django/contrib/contenttypes/models.py", line 110, in get_for_id
    ct = self._cache[self.db][id]
         ~~~~~~~~~~~~~~~~~~~~^^^^
KeyError: 95

During handling of the above exception, another exception occurred:

Traceback (most recent call last):
  File "/opt/venv/lib/python3.12/site-packages/wagtail/models/pages.py", line 1508, in get_indexed_instance
    return self.specific
           ^^^^^^^^^^^^^
  File "/opt/venv/lib/python3.12/site-packages/django/utils/functional.py", line 47, in __get__
    res = instance.__dict__[self.name] = self.func(instance)
                                         ^^^^^^^^^^^^^^^^^^^
  File "/opt/venv/lib/python3.12/site-packages/wagtail/models/specific.py", line 93, in specific
    return self.get_specific()
           ^^^^^^^^^^^^^^^^^^^
  File "/opt/venv/lib/python3.12/site-packages/wagtail/models/specific.py", line 48, in get_specific
    model_class = self.specific_class
                  ^^^^^^^^^^^^^^^^^^^
  File "/opt/venv/lib/python3.12/site-packages/django/utils/functional.py", line 47, in __get__
    res = instance.__dict__[self.name] = self.func(instance)
                                         ^^^^^^^^^^^^^^^^^^^
  File "/opt/venv/lib/python3.12/site-packages/wagtail/models/specific.py", line 119, in specific_class
    return self.cached_content_type.model_class()
           ^^^^^^^^^^^^^^^^^^^^^^^^
  File "/opt/venv/lib/python3.12/site-packages/wagtail/models/specific.py", line 128, in cached_content_type
    return ContentType.objects.get_for_id(self.content_type_id)
           ^^^^^^^^^^^^^^^^^^^^^^^^^^^^^^^^^^^^^^^^^^^^^^^^^^^^
  File "/opt/venv/lib/python3.12/site-packages/django/contrib/contenttypes/models.py", line 114, in get_for_id
    ct = self.get(pk=id)
         ^^^^^^^^^^^^^^^
  File "/opt/venv/lib/python3.12/site-packages/django/db/models/manager.py", line 87, in manager_method
    return getattr(self.get_queryset(), name)(*args, **kwargs)
           ^^^^^^^^^^^^^^^^^^^^^^^^^^^^^^^^^^^^^^^^^^^^^^^^^^^
  File "/opt/venv/lib/python3.12/site-packages/django/db/models/query.py", line 639, in get
    raise self.model.DoesNotExist(
django.contrib.contenttypes.models.ContentType.DoesNotExist: ContentType matching query does not exist.

During handling of the above exception, another exception occurred:

Traceback (most recent call last):
  File "/opt/venv/lib/python3.12/site-packages/django/contrib/contenttypes/models.py", line 110, in get_for_id
    ct = self._cache[self.db][id]
         ~~~~~~~~~~~~~~~~~~~~^^^^
KeyError: 95

During handling of the above exception, another exception occurred:

Traceback (most recent call last):
  File "/opt/venv/lib/python3.12/site-packages/django_tasks/backends/immediate.py", line 59, in _execute_task
    raw_return_value = task.call(*task_result.args, **task_result.kwargs)
                       ^^^^^^^^^^^^^^^^^^^^^^^^^^^^^^^^^^^^^^^^^^^^^^^^^^
  File "/opt/venv/lib/python3.12/site-packages/django_tasks/base.py", line 166, in call
    return self.func(*args, **kwargs)
           ^^^^^^^^^^^^^^^^^^^^^^^^^^
  File "/opt/venv/lib/python3.12/site-packages/modelsearch/tasks.py", line 10, in insert_or_update_object_task
    index.insert_or_update_object(model.objects.get(pk=pk))
  File "/opt/venv/lib/python3.12/site-packages/modelsearch/index.py", line 175, in insert_or_update_object
    indexed_instance = get_indexed_instance(instance)
                       ^^^^^^^^^^^^^^^^^^^^^^^^^^^^^^
  File "/opt/venv/lib/python3.12/site-packages/modelsearch/index.py", line 157, in get_indexed_instance
    indexed_instance = instance.get_indexed_instance()
                       ^^^^^^^^^^^^^^^^^^^^^^^^^^^^^^^
  File "/opt/venv/lib/python3.12/site-packages/wagtail/models/pages.py", line 1509, in get_indexed_instance
    except self.specific_class.DoesNotExist:
           ^^^^^^^^^^^^^^^^^^^
  File "/opt/venv/lib/python3.12/site-packages/django/utils/functional.py", line 47, in __get__
    res = instance.__dict__[self.name] = self.func(instance)
                                         ^^^^^^^^^^^^^^^^^^^
  File "/opt/venv/lib/python3.12/site-packages/wagtail/models/specific.py", line 119, in specific_class
    return self.cached_content_type.model_class()
           ^^^^^^^^^^^^^^^^^^^^^^^^
  File "/opt/venv/lib/python3.12/site-packages/wagtail/models/specific.py", line 128, in cached_content_type
    return ContentType.objects.get_for_id(self.content_type_id)
           ^^^^^^^^^^^^^^^^^^^^^^^^^^^^^^^^^^^^^^^^^^^^^^^^^^^^
  File "/opt/venv/lib/python3.12/site-packages/django/contrib/contenttypes/models.py", line 114, in get_for_id
    ct = self.get(pk=id)
         ^^^^^^^^^^^^^^^
  File "/opt/venv/lib/python3.12/site-packages/django/db/models/manager.py", line 87, in manager_method
    return getattr(self.get_queryset(), name)(*args, **kwargs)
           ^^^^^^^^^^^^^^^^^^^^^^^^^^^^^^^^^^^^^^^^^^^^^^^^^^^
  File "/opt/venv/lib/python3.12/site-packages/django/db/models/query.py", line 639, in get
    raise self.model.DoesNotExist(
django.contrib.contenttypes.models.ContentType.DoesNotExist: ContentType matching query does not exist.
[2026-06-02 19:28:51] INFO     django_tasks:47  Task id=ya6q7jDa8Sf6rrnRDkG9JuzPbprrODfu path=modelsearch.tasks.insert_or_update_object_task state=RUNNING
[2026-06-02 19:28:51] ERROR    django_tasks:65  Task id=ya6q7jDa8Sf6rrnRDkG9JuzPbprrODfu path=modelsearch.tasks.insert_or_update_object_task state=FAILED
Traceback (most recent call last):
  File "/opt/venv/lib/python3.12/site-packages/django_tasks/backends/immediate.py", line 59, in _execute_task
    raw_return_value = task.call(*task_result.args, **task_result.kwargs)
                       ^^^^^^^^^^^^^^^^^^^^^^^^^^^^^^^^^^^^^^^^^^^^^^^^^^
  File "/opt/venv/lib/python3.12/site-packages/django_tasks/base.py", line 166, in call
    return self.func(*args, **kwargs)
           ^^^^^^^^^^^^^^^^^^^^^^^^^^
  File "/opt/venv/lib/python3.12/site-packages/modelsearch/tasks.py", line 10, in insert_or_update_object_task
    index.insert_or_update_object(model.objects.get(pk=pk))
  File "/opt/venv/lib/python3.12/site-packages/modelsearch/index.py", line 175, in insert_or_update_object
    indexed_instance = get_indexed_instance(instance)
                       ^^^^^^^^^^^^^^^^^^^^^^^^^^^^^^
  File "/opt/venv/lib/python3.12/site-packages/modelsearch/index.py", line 165, in get_indexed_instance
    .get_indexed_objects()
     ^^^^^^^^^^^^^^^^^^^
AttributeError: type object 'Permission' has no attribute 'get_indexed_objects'
[2026-06-02 19:28:51] INFO     django_tasks:47  Task id=uPSGBGGtg5i53cNk5kyxYsjaQr2dXfHa path=modelsearch.tasks.insert_or_update_object_task state=RUNNING
[2026-06-02 19:28:51] INFO     django_tasks:65  Task id=uPSGBGGtg5i53cNk5kyxYsjaQr2dXfHa path=modelsearch.tasks.insert_or_update_object_task state=SUCCEEDED
[2026-06-02 19:28:51] INFO     django_tasks:47  Task id=ECNW5zP2jdphH3fwdA5aBkgEgSEHJD3S path=modelsearch.tasks.insert_or_update_object_task state=RUNNING
[2026-06-02 19:28:51] INFO     django_tasks:65  Task id=ECNW5zP2jdphH3fwdA5aBkgEgSEHJD3S path=modelsearch.tasks.insert_or_update_object_task state=SUCCEEDED
[2026-06-02 19:28:51] INFO     django_tasks:47  Task id=pgLyCt3hsVZWLKGlByyDEmljOF9d9eXR path=modelsearch.tasks.insert_or_update_object_task state=RUNNING
[2026-06-02 19:28:51] INFO     django_tasks:65  Task id=pgLyCt3hsVZWLKGlByyDEmljOF9d9eXR path=modelsearch.tasks.insert_or_update_object_task state=SUCCEEDED
[2026-06-02 19:28:51] INFO     django_tasks:47  Task id=jNwWmtwRtl7Kk6uRYtjfgm04aGR8ZCUt path=modelsearch.tasks.insert_or_update_object_task state=RUNNING
[2026-06-02 19:28:51] ERROR    django_tasks:65  Task id=jNwWmtwRtl7Kk6uRYtjfgm04aGR8ZCUt path=modelsearch.tasks.insert_or_update_object_task state=FAILED
Traceback (most recent call last):
  File "/opt/venv/lib/python3.12/site-packages/django/contrib/contenttypes/models.py", line 110, in get_for_id
    ct = self._cache[self.db][id]
         ~~~~~~~~~~~~~~~~~~~~^^^^
KeyError: 95

During handling of the above exception, another exception occurred:

Traceback (most recent call last):
  File "/opt/venv/lib/python3.12/site-packages/wagtail/models/pages.py", line 1508, in get_indexed_instance
    return self.specific
           ^^^^^^^^^^^^^
  File "/opt/venv/lib/python3.12/site-packages/django/utils/functional.py", line 47, in __get__
    res = instance.__dict__[self.name] = self.func(instance)
                                         ^^^^^^^^^^^^^^^^^^^
  File "/opt/venv/lib/python3.12/site-packages/wagtail/models/specific.py", line 93, in specific
    return self.get_specific()
           ^^^^^^^^^^^^^^^^^^^
  File "/opt/venv/lib/python3.12/site-packages/wagtail/models/specific.py", line 48, in get_specific
    model_class = self.specific_class
                  ^^^^^^^^^^^^^^^^^^^
  File "/opt/venv/lib/python3.12/site-packages/django/utils/functional.py", line 47, in __get__
    res = instance.__dict__[self.name] = self.func(instance)
                                         ^^^^^^^^^^^^^^^^^^^
  File "/opt/venv/lib/python3.12/site-packages/wagtail/models/specific.py", line 119, in specific_class
    return self.cached_content_type.model_class()
           ^^^^^^^^^^^^^^^^^^^^^^^^
  File "/opt/venv/lib/python3.12/site-packages/wagtail/models/specific.py", line 128, in cached_content_type
    return ContentType.objects.get_for_id(self.content_type_id)
           ^^^^^^^^^^^^^^^^^^^^^^^^^^^^^^^^^^^^^^^^^^^^^^^^^^^^
  File "/opt/venv/lib/python3.12/site-packages/django/contrib/contenttypes/models.py", line 114, in get_for_id
    ct = self.get(pk=id)
         ^^^^^^^^^^^^^^^
  File "/opt/venv/lib/python3.12/site-packages/django/db/models/manager.py", line 87, in manager_method
    return getattr(self.get_queryset(), name)(*args, **kwargs)
           ^^^^^^^^^^^^^^^^^^^^^^^^^^^^^^^^^^^^^^^^^^^^^^^^^^^
  File "/opt/venv/lib/python3.12/site-packages/django/db/models/query.py", line 639, in get
    raise self.model.DoesNotExist(
django.contrib.contenttypes.models.ContentType.DoesNotExist: ContentType matching query does not exist.

During handling of the above exception, another exception occurred:

Traceback (most recent call last):
  File "/opt/venv/lib/python3.12/site-packages/django/contrib/contenttypes/models.py", line 110, in get_for_id
    ct = self._cache[self.db][id]
         ~~~~~~~~~~~~~~~~~~~~^^^^
KeyError: 95

During handling of the above exception, another exception occurred:

Traceback (most recent call last):
  File "/opt/venv/lib/python3.12/site-packages/django_tasks/backends/immediate.py", line 59, in _execute_task
    raw_return_value = task.call(*task_result.args, **task_result.kwargs)
                       ^^^^^^^^^^^^^^^^^^^^^^^^^^^^^^^^^^^^^^^^^^^^^^^^^^
  File "/opt/venv/lib/python3.12/site-packages/django_tasks/base.py", line 166, in call
    return self.func(*args, **kwargs)
           ^^^^^^^^^^^^^^^^^^^^^^^^^^
  File "/opt/venv/lib/python3.12/site-packages/modelsearch/tasks.py", line 10, in insert_or_update_object_task
    index.insert_or_update_object(model.objects.get(pk=pk))
  File "/opt/venv/lib/python3.12/site-packages/modelsearch/index.py", line 175, in insert_or_update_object
    indexed_instance = get_indexed_instance(instance)
                       ^^^^^^^^^^^^^^^^^^^^^^^^^^^^^^
  File "/opt/venv/lib/python3.12/site-packages/modelsearch/index.py", line 157, in get_indexed_instance
    indexed_instance = instance.get_indexed_instance()
                       ^^^^^^^^^^^^^^^^^^^^^^^^^^^^^^^
  File "/opt/venv/lib/python3.12/site-packages/wagtail/models/pages.py", line 1509, in get_indexed_instance
    except self.specific_class.DoesNotExist:
           ^^^^^^^^^^^^^^^^^^^
  File "/opt/venv/lib/python3.12/site-packages/django/utils/functional.py", line 47, in __get__
    res = instance.__dict__[self.name] = self.func(instance)
                                         ^^^^^^^^^^^^^^^^^^^
  File "/opt/venv/lib/python3.12/site-packages/wagtail/models/specific.py", line 119, in specific_class
    return self.cached_content_type.model_class()
           ^^^^^^^^^^^^^^^^^^^^^^^^
  File "/opt/venv/lib/python3.12/site-packages/wagtail/models/specific.py", line 128, in cached_content_type
    return ContentType.objects.get_for_id(self.content_type_id)
           ^^^^^^^^^^^^^^^^^^^^^^^^^^^^^^^^^^^^^^^^^^^^^^^^^^^^
  File "/opt/venv/lib/python3.12/site-packages/django/contrib/contenttypes/models.py", line 114, in get_for_id
    ct = self.get(pk=id)
         ^^^^^^^^^^^^^^^
  File "/opt/venv/lib/python3.12/site-packages/django/db/models/manager.py", line 87, in manager_method
    return getattr(self.get_queryset(), name)(*args, **kwargs)
           ^^^^^^^^^^^^^^^^^^^^^^^^^^^^^^^^^^^^^^^^^^^^^^^^^^^
  File "/opt/venv/lib/python3.12/site-packages/django/db/models/query.py", line 639, in get
    raise self.model.DoesNotExist(
django.contrib.contenttypes.models.ContentType.DoesNotExist: ContentType matching query does not exist.
[2026-06-02 19:28:51] INFO     django_tasks:47  Task id=1Iaocxt2AZUVCxShxmsNVyVD61AQ6IQo path=modelsearch.tasks.insert_or_update_object_task state=RUNNING
[2026-06-02 19:28:51] ERROR    django_tasks:65  Task id=1Iaocxt2AZUVCxShxmsNVyVD61AQ6IQo path=modelsearch.tasks.insert_or_update_object_task state=FAILED
Traceback (most recent call last):
  File "/opt/venv/lib/python3.12/site-packages/django/contrib/contenttypes/models.py", line 110, in get_for_id
    ct = self._cache[self.db][id]
         ~~~~~~~~~~~~~~~~~~~~^^^^
KeyError: 123

During handling of the above exception, another exception occurred:

Traceback (most recent call last):
  File "/opt/venv/lib/python3.12/site-packages/wagtail/models/pages.py", line 1508, in get_indexed_instance
    return self.specific
           ^^^^^^^^^^^^^
  File "/opt/venv/lib/python3.12/site-packages/django/utils/functional.py", line 47, in __get__
    res = instance.__dict__[self.name] = self.func(instance)
                                         ^^^^^^^^^^^^^^^^^^^
  File "/opt/venv/lib/python3.12/site-packages/wagtail/models/specific.py", line 93, in specific
    return self.get_specific()
           ^^^^^^^^^^^^^^^^^^^
  File "/opt/venv/lib/python3.12/site-packages/wagtail/models/specific.py", line 48, in get_specific
    model_class = self.specific_class
                  ^^^^^^^^^^^^^^^^^^^
  File "/opt/venv/lib/python3.12/site-packages/django/utils/functional.py", line 47, in __get__
    res = instance.__dict__[self.name] = self.func(instance)
                                         ^^^^^^^^^^^^^^^^^^^
  File "/opt/venv/lib/python3.12/site-packages/wagtail/models/specific.py", line 119, in specific_class
    return self.cached_content_type.model_class()
           ^^^^^^^^^^^^^^^^^^^^^^^^
  File "/opt/venv/lib/python3.12/site-packages/wagtail/models/specific.py", line 128, in cached_content_type
    return ContentType.objects.get_for_id(self.content_type_id)
           ^^^^^^^^^^^^^^^^^^^^^^^^^^^^^^^^^^^^^^^^^^^^^^^^^^^^
  File "/opt/venv/lib/python3.12/site-packages/django/contrib/contenttypes/models.py", line 114, in get_for_id
    ct = self.get(pk=id)
         ^^^^^^^^^^^^^^^
  File "/opt/venv/lib/python3.12/site-packages/django/db/models/manager.py", line 87, in manager_method
    return getattr(self.get_queryset(), name)(*args, **kwargs)
           ^^^^^^^^^^^^^^^^^^^^^^^^^^^^^^^^^^^^^^^^^^^^^^^^^^^
  File "/opt/venv/lib/python3.12/site-packages/django/db/models/query.py", line 639, in get
    raise self.model.DoesNotExist(
django.contrib.contenttypes.models.ContentType.DoesNotExist: ContentType matching query does not exist.

During handling of the above exception, another exception occurred:

Traceback (most recent call last):
  File "/opt/venv/lib/python3.12/site-packages/django/contrib/contenttypes/models.py", line 110, in get_for_id
    ct = self._cache[self.db][id]
         ~~~~~~~~~~~~~~~~~~~~^^^^
KeyError: 123

During handling of the above exception, another exception occurred:

Traceback (most recent call last):
  File "/opt/venv/lib/python3.12/site-packages/django_tasks/backends/immediate.py", line 59, in _execute_task
    raw_return_value = task.call(*task_result.args, **task_result.kwargs)
                       ^^^^^^^^^^^^^^^^^^^^^^^^^^^^^^^^^^^^^^^^^^^^^^^^^^
  File "/opt/venv/lib/python3.12/site-packages/django_tasks/base.py", line 166, in call
    return self.func(*args, **kwargs)
           ^^^^^^^^^^^^^^^^^^^^^^^^^^
  File "/opt/venv/lib/python3.12/site-packages/modelsearch/tasks.py", line 10, in insert_or_update_object_task
    index.insert_or_update_object(model.objects.get(pk=pk))
  File "/opt/venv/lib/python3.12/site-packages/modelsearch/index.py", line 175, in insert_or_update_object
    indexed_instance = get_indexed_instance(instance)
                       ^^^^^^^^^^^^^^^^^^^^^^^^^^^^^^
  File "/opt/venv/lib/python3.12/site-packages/modelsearch/index.py", line 157, in get_indexed_instance
    indexed_instance = instance.get_indexed_instance()
                       ^^^^^^^^^^^^^^^^^^^^^^^^^^^^^^^
  File "/opt/venv/lib/python3.12/site-packages/wagtail/models/pages.py", line 1509, in get_indexed_instance
    except self.specific_class.DoesNotExist:
           ^^^^^^^^^^^^^^^^^^^
  File "/opt/venv/lib/python3.12/site-packages/django/utils/functional.py", line 47, in __get__
    res = instance.__dict__[self.name] = self.func(instance)
                                         ^^^^^^^^^^^^^^^^^^^
  File "/opt/venv/lib/python3.12/site-packages/wagtail/models/specific.py", line 119, in specific_class
    return self.cached_content_type.model_class()
           ^^^^^^^^^^^^^^^^^^^^^^^^
  File "/opt/venv/lib/python3.12/site-packages/wagtail/models/specific.py", line 128, in cached_content_type
    return ContentType.objects.get_for_id(self.content_type_id)
           ^^^^^^^^^^^^^^^^^^^^^^^^^^^^^^^^^^^^^^^^^^^^^^^^^^^^
  File "/opt/venv/lib/python3.12/site-packages/django/contrib/contenttypes/models.py", line 114, in get_for_id
    ct = self.get(pk=id)
         ^^^^^^^^^^^^^^^
  File "/opt/venv/lib/python3.12/site-packages/django/db/models/manager.py", line 87, in manager_method
    return getattr(self.get_queryset(), name)(*args, **kwargs)
           ^^^^^^^^^^^^^^^^^^^^^^^^^^^^^^^^^^^^^^^^^^^^^^^^^^^
  File "/opt/venv/lib/python3.12/site-packages/django/db/models/query.py", line 639, in get
    raise self.model.DoesNotExist(
django.contrib.contenttypes.models.ContentType.DoesNotExist: ContentType matching query does not exist.
[2026-06-02 19:28:51] INFO     django_tasks:47  Task id=uNeMJvlURYM7pay4fZ8JzcgNc6vuPCQr path=modelsearch.tasks.insert_or_update_object_task state=RUNNING
[2026-06-02 19:28:51] ERROR    django_tasks:65  Task id=uNeMJvlURYM7pay4fZ8JzcgNc6vuPCQr path=modelsearch.tasks.insert_or_update_object_task state=FAILED
Traceback (most recent call last):
  File "/opt/venv/lib/python3.12/site-packages/django/contrib/contenttypes/models.py", line 110, in get_for_id
    ct = self._cache[self.db][id]
         ~~~~~~~~~~~~~~~~~~~~^^^^
KeyError: 123

During handling of the above exception, another exception occurred:

Traceback (most recent call last):
  File "/opt/venv/lib/python3.12/site-packages/wagtail/models/pages.py", line 1508, in get_indexed_instance
    return self.specific
           ^^^^^^^^^^^^^
  File "/opt/venv/lib/python3.12/site-packages/django/utils/functional.py", line 47, in __get__
    res = instance.__dict__[self.name] = self.func(instance)
                                         ^^^^^^^^^^^^^^^^^^^
  File "/opt/venv/lib/python3.12/site-packages/wagtail/models/specific.py", line 93, in specific
    return self.get_specific()
           ^^^^^^^^^^^^^^^^^^^
  File "/opt/venv/lib/python3.12/site-packages/wagtail/models/specific.py", line 48, in get_specific
    model_class = self.specific_class
                  ^^^^^^^^^^^^^^^^^^^
  File "/opt/venv/lib/python3.12/site-packages/django/utils/functional.py", line 47, in __get__
    res = instance.__dict__[self.name] = self.func(instance)
                                         ^^^^^^^^^^^^^^^^^^^
  File "/opt/venv/lib/python3.12/site-packages/wagtail/models/specific.py", line 119, in specific_class
    return self.cached_content_type.model_class()
           ^^^^^^^^^^^^^^^^^^^^^^^^
  File "/opt/venv/lib/python3.12/site-packages/wagtail/models/specific.py", line 128, in cached_content_type
    return ContentType.objects.get_for_id(self.content_type_id)
           ^^^^^^^^^^^^^^^^^^^^^^^^^^^^^^^^^^^^^^^^^^^^^^^^^^^^
  File "/opt/venv/lib/python3.12/site-packages/django/contrib/contenttypes/models.py", line 114, in get_for_id
    ct = self.get(pk=id)
         ^^^^^^^^^^^^^^^
  File "/opt/venv/lib/python3.12/site-packages/django/db/models/manager.py", line 87, in manager_method
    return getattr(self.get_queryset(), name)(*args, **kwargs)
           ^^^^^^^^^^^^^^^^^^^^^^^^^^^^^^^^^^^^^^^^^^^^^^^^^^^
  File "/opt/venv/lib/python3.12/site-packages/django/db/models/query.py", line 639, in get
    raise self.model.DoesNotExist(
django.contrib.contenttypes.models.ContentType.DoesNotExist: ContentType matching query does not exist.

During handling of the above exception, another exception occurred:

Traceback (most recent call last):
  File "/opt/venv/lib/python3.12/site-packages/django/contrib/contenttypes/models.py", line 110, in get_for_id
    ct = self._cache[self.db][id]
         ~~~~~~~~~~~~~~~~~~~~^^^^
KeyError: 123

During handling of the above exception, another exception occurred:

Traceback (most recent call last):
  File "/opt/venv/lib/python3.12/site-packages/django_tasks/backends/immediate.py", line 59, in _execute_task
    raw_return_value = task.call(*task_result.args, **task_result.kwargs)
                       ^^^^^^^^^^^^^^^^^^^^^^^^^^^^^^^^^^^^^^^^^^^^^^^^^^
  File "/opt/venv/lib/python3.12/site-packages/django_tasks/base.py", line 166, in call
    return self.func(*args, **kwargs)
           ^^^^^^^^^^^^^^^^^^^^^^^^^^
  File "/opt/venv/lib/python3.12/site-packages/modelsearch/tasks.py", line 10, in insert_or_update_object_task
    index.insert_or_update_object(model.objects.get(pk=pk))
  File "/opt/venv/lib/python3.12/site-packages/modelsearch/index.py", line 175, in insert_or_update_object
    indexed_instance = get_indexed_instance(instance)
                       ^^^^^^^^^^^^^^^^^^^^^^^^^^^^^^
  File "/opt/venv/lib/python3.12/site-packages/modelsearch/index.py", line 157, in get_indexed_instance
    indexed_instance = instance.get_indexed_instance()
                       ^^^^^^^^^^^^^^^^^^^^^^^^^^^^^^^
  File "/opt/venv/lib/python3.12/site-packages/wagtail/models/pages.py", line 1509, in get_indexed_instance
    except self.specific_class.DoesNotExist:
           ^^^^^^^^^^^^^^^^^^^
  File "/opt/venv/lib/python3.12/site-packages/django/utils/functional.py", line 47, in __get__
    res = instance.__dict__[self.name] = self.func(instance)
                                         ^^^^^^^^^^^^^^^^^^^
  File "/opt/venv/lib/python3.12/site-packages/wagtail/models/specific.py", line 119, in specific_class
    return self.cached_content_type.model_class()
           ^^^^^^^^^^^^^^^^^^^^^^^^
  File "/opt/venv/lib/python3.12/site-packages/wagtail/models/specific.py", line 128, in cached_content_type
    return ContentType.objects.get_for_id(self.content_type_id)
           ^^^^^^^^^^^^^^^^^^^^^^^^^^^^^^^^^^^^^^^^^^^^^^^^^^^^
  File "/opt/venv/lib/python3.12/site-packages/django/contrib/contenttypes/models.py", line 114, in get_for_id
    ct = self.get(pk=id)
         ^^^^^^^^^^^^^^^
  File "/opt/venv/lib/python3.12/site-packages/django/db/models/manager.py", line 87, in manager_method
    return getattr(self.get_queryset(), name)(*args, **kwargs)
           ^^^^^^^^^^^^^^^^^^^^^^^^^^^^^^^^^^^^^^^^^^^^^^^^^^^
  File "/opt/venv/lib/python3.12/site-packages/django/db/models/query.py", line 639, in get
    raise self.model.DoesNotExist(
django.contrib.contenttypes.models.ContentType.DoesNotExist: ContentType matching query does not exist.
[2026-06-02 19:28:51] INFO     django_tasks:47  Task id=Y3jQuWTSjovnGoIviA1TjqDiyHpXpAJG path=modelsearch.tasks.insert_or_update_object_task state=RUNNING
[2026-06-02 19:28:51] ERROR    django_tasks:65  Task id=Y3jQuWTSjovnGoIviA1TjqDiyHpXpAJG path=modelsearch.tasks.insert_or_update_object_task state=FAILED
Traceback (most recent call last):
  File "/opt/venv/lib/python3.12/site-packages/django/contrib/contenttypes/models.py", line 110, in get_for_id
    ct = self._cache[self.db][id]
         ~~~~~~~~~~~~~~~~~~~~^^^^
KeyError: 123

During handling of the above exception, another exception occurred:

Traceback (most recent call last):
  File "/opt/venv/lib/python3.12/site-packages/wagtail/models/pages.py", line 1508, in get_indexed_instance
    return self.specific
           ^^^^^^^^^^^^^
  File "/opt/venv/lib/python3.12/site-packages/django/utils/functional.py", line 47, in __get__
    res = instance.__dict__[self.name] = self.func(instance)
                                         ^^^^^^^^^^^^^^^^^^^
  File "/opt/venv/lib/python3.12/site-packages/wagtail/models/specific.py", line 93, in specific
    return self.get_specific()
           ^^^^^^^^^^^^^^^^^^^
  File "/opt/venv/lib/python3.12/site-packages/wagtail/models/specific.py", line 48, in get_specific
    model_class = self.specific_class
                  ^^^^^^^^^^^^^^^^^^^
  File "/opt/venv/lib/python3.12/site-packages/django/utils/functional.py", line 47, in __get__
    res = instance.__dict__[self.name] = self.func(instance)
                                         ^^^^^^^^^^^^^^^^^^^
  File "/opt/venv/lib/python3.12/site-packages/wagtail/models/specific.py", line 119, in specific_class
    return self.cached_content_type.model_class()
           ^^^^^^^^^^^^^^^^^^^^^^^^
  File "/opt/venv/lib/python3.12/site-packages/wagtail/models/specific.py", line 128, in cached_content_type
    return ContentType.objects.get_for_id(self.content_type_id)
           ^^^^^^^^^^^^^^^^^^^^^^^^^^^^^^^^^^^^^^^^^^^^^^^^^^^^
  File "/opt/venv/lib/python3.12/site-packages/django/contrib/contenttypes/models.py", line 114, in get_for_id
    ct = self.get(pk=id)
         ^^^^^^^^^^^^^^^
  File "/opt/venv/lib/python3.12/site-packages/django/db/models/manager.py", line 87, in manager_method
    return getattr(self.get_queryset(), name)(*args, **kwargs)
           ^^^^^^^^^^^^^^^^^^^^^^^^^^^^^^^^^^^^^^^^^^^^^^^^^^^
  File "/opt/venv/lib/python3.12/site-packages/django/db/models/query.py", line 639, in get
    raise self.model.DoesNotExist(
django.contrib.contenttypes.models.ContentType.DoesNotExist: ContentType matching query does not exist.

During handling of the above exception, another exception occurred:

Traceback (most recent call last):
  File "/opt/venv/lib/python3.12/site-packages/django/contrib/contenttypes/models.py", line 110, in get_for_id
    ct = self._cache[self.db][id]
         ~~~~~~~~~~~~~~~~~~~~^^^^
KeyError: 123

During handling of the above exception, another exception occurred:

Traceback (most recent call last):
  File "/opt/venv/lib/python3.12/site-packages/django_tasks/backends/immediate.py", line 59, in _execute_task
    raw_return_value = task.call(*task_result.args, **task_result.kwargs)
                       ^^^^^^^^^^^^^^^^^^^^^^^^^^^^^^^^^^^^^^^^^^^^^^^^^^
  File "/opt/venv/lib/python3.12/site-packages/django_tasks/base.py", line 166, in call
    return self.func(*args, **kwargs)
           ^^^^^^^^^^^^^^^^^^^^^^^^^^
  File "/opt/venv/lib/python3.12/site-packages/modelsearch/tasks.py", line 10, in insert_or_update_object_task
    index.insert_or_update_object(model.objects.get(pk=pk))
  File "/opt/venv/lib/python3.12/site-packages/modelsearch/index.py", line 175, in insert_or_update_object
    indexed_instance = get_indexed_instance(instance)
                       ^^^^^^^^^^^^^^^^^^^^^^^^^^^^^^
  File "/opt/venv/lib/python3.12/site-packages/modelsearch/index.py", line 157, in get_indexed_instance
    indexed_instance = instance.get_indexed_instance()
                       ^^^^^^^^^^^^^^^^^^^^^^^^^^^^^^^
  File "/opt/venv/lib/python3.12/site-packages/wagtail/models/pages.py", line 1509, in get_indexed_instance
    except self.specific_class.DoesNotExist:
           ^^^^^^^^^^^^^^^^^^^
  File "/opt/venv/lib/python3.12/site-packages/django/utils/functional.py", line 47, in __get__
    res = instance.__dict__[self.name] = self.func(instance)
                                         ^^^^^^^^^^^^^^^^^^^
  File "/opt/venv/lib/python3.12/site-packages/wagtail/models/specific.py", line 119, in specific_class
    return self.cached_content_type.model_class()
           ^^^^^^^^^^^^^^^^^^^^^^^^
  File "/opt/venv/lib/python3.12/site-packages/wagtail/models/specific.py", line 128, in cached_content_type
    return ContentType.objects.get_for_id(self.content_type_id)
           ^^^^^^^^^^^^^^^^^^^^^^^^^^^^^^^^^^^^^^^^^^^^^^^^^^^^
  File "/opt/venv/lib/python3.12/site-packages/django/contrib/contenttypes/models.py", line 114, in get_for_id
    ct = self.get(pk=id)
         ^^^^^^^^^^^^^^^
  File "/opt/venv/lib/python3.12/site-packages/django/db/models/manager.py", line 87, in manager_method
    return getattr(self.get_queryset(), name)(*args, **kwargs)
           ^^^^^^^^^^^^^^^^^^^^^^^^^^^^^^^^^^^^^^^^^^^^^^^^^^^
  File "/opt/venv/lib/python3.12/site-packages/django/db/models/query.py", line 639, in get
    raise self.model.DoesNotExist(
django.contrib.contenttypes.models.ContentType.DoesNotExist: ContentType matching query does not exist.
[2026-06-02 19:28:51] INFO     django_tasks:47  Task id=4gC6v46OFnxmbct0VTqbRF6MVsvJFlTl path=modelsearch.tasks.insert_or_update_object_task state=RUNNING
[2026-06-02 19:28:51] ERROR    django_tasks:65  Task id=4gC6v46OFnxmbct0VTqbRF6MVsvJFlTl path=modelsearch.tasks.insert_or_update_object_task state=FAILED
Traceback (most recent call last):
  File "/opt/venv/lib/python3.12/site-packages/django/contrib/contenttypes/models.py", line 110, in get_for_id
    ct = self._cache[self.db][id]
         ~~~~~~~~~~~~~~~~~~~~^^^^
KeyError: 123

During handling of the above exception, another exception occurred:

Traceback (most recent call last):
  File "/opt/venv/lib/python3.12/site-packages/wagtail/models/pages.py", line 1508, in get_indexed_instance
    return self.specific
           ^^^^^^^^^^^^^
  File "/opt/venv/lib/python3.12/site-packages/django/utils/functional.py", line 47, in __get__
    res = instance.__dict__[self.name] = self.func(instance)
                                         ^^^^^^^^^^^^^^^^^^^
  File "/opt/venv/lib/python3.12/site-packages/wagtail/models/specific.py", line 93, in specific
    return self.get_specific()
           ^^^^^^^^^^^^^^^^^^^
  File "/opt/venv/lib/python3.12/site-packages/wagtail/models/specific.py", line 48, in get_specific
    model_class = self.specific_class
                  ^^^^^^^^^^^^^^^^^^^
  File "/opt/venv/lib/python3.12/site-packages/django/utils/functional.py", line 47, in __get__
    res = instance.__dict__[self.name] = self.func(instance)
                                         ^^^^^^^^^^^^^^^^^^^
  File "/opt/venv/lib/python3.12/site-packages/wagtail/models/specific.py", line 119, in specific_class
    return self.cached_content_type.model_class()
           ^^^^^^^^^^^^^^^^^^^^^^^^
  File "/opt/venv/lib/python3.12/site-packages/wagtail/models/specific.py", line 128, in cached_content_type
    return ContentType.objects.get_for_id(self.content_type_id)
           ^^^^^^^^^^^^^^^^^^^^^^^^^^^^^^^^^^^^^^^^^^^^^^^^^^^^
  File "/opt/venv/lib/python3.12/site-packages/django/contrib/contenttypes/models.py", line 114, in get_for_id
    ct = self.get(pk=id)
         ^^^^^^^^^^^^^^^
  File "/opt/venv/lib/python3.12/site-packages/django/db/models/manager.py", line 87, in manager_method
    return getattr(self.get_queryset(), name)(*args, **kwargs)
           ^^^^^^^^^^^^^^^^^^^^^^^^^^^^^^^^^^^^^^^^^^^^^^^^^^^
  File "/opt/venv/lib/python3.12/site-packages/django/db/models/query.py", line 639, in get
    raise self.model.DoesNotExist(
django.contrib.contenttypes.models.ContentType.DoesNotExist: ContentType matching query does not exist.

During handling of the above exception, another exception occurred:

Traceback (most recent call last):
  File "/opt/venv/lib/python3.12/site-packages/django/contrib/contenttypes/models.py", line 110, in get_for_id
    ct = self._cache[self.db][id]
         ~~~~~~~~~~~~~~~~~~~~^^^^
KeyError: 123

During handling of the above exception, another exception occurred:

Traceback (most recent call last):
  File "/opt/venv/lib/python3.12/site-packages/django_tasks/backends/immediate.py", line 59, in _execute_task
    raw_return_value = task.call(*task_result.args, **task_result.kwargs)
                       ^^^^^^^^^^^^^^^^^^^^^^^^^^^^^^^^^^^^^^^^^^^^^^^^^^
  File "/opt/venv/lib/python3.12/site-packages/django_tasks/base.py", line 166, in call
    return self.func(*args, **kwargs)
           ^^^^^^^^^^^^^^^^^^^^^^^^^^
  File "/opt/venv/lib/python3.12/site-packages/modelsearch/tasks.py", line 10, in insert_or_update_object_task
    index.insert_or_update_object(model.objects.get(pk=pk))
  File "/opt/venv/lib/python3.12/site-packages/modelsearch/index.py", line 175, in insert_or_update_object
    indexed_instance = get_indexed_instance(instance)
                       ^^^^^^^^^^^^^^^^^^^^^^^^^^^^^^
  File "/opt/venv/lib/python3.12/site-packages/modelsearch/index.py", line 157, in get_indexed_instance
    indexed_instance = instance.get_indexed_instance()
                       ^^^^^^^^^^^^^^^^^^^^^^^^^^^^^^^
  File "/opt/venv/lib/python3.12/site-packages/wagtail/models/pages.py", line 1509, in get_indexed_instance
    except self.specific_class.DoesNotExist:
           ^^^^^^^^^^^^^^^^^^^
  File "/opt/venv/lib/python3.12/site-packages/django/utils/functional.py", line 47, in __get__
    res = instance.__dict__[self.name] = self.func(instance)
                                         ^^^^^^^^^^^^^^^^^^^
  File "/opt/venv/lib/python3.12/site-packages/wagtail/models/specific.py", line 119, in specific_class
    return self.cached_content_type.model_class()
           ^^^^^^^^^^^^^^^^^^^^^^^^
  File "/opt/venv/lib/python3.12/site-packages/wagtail/models/specific.py", line 128, in cached_content_type
    return ContentType.objects.get_for_id(self.content_type_id)
           ^^^^^^^^^^^^^^^^^^^^^^^^^^^^^^^^^^^^^^^^^^^^^^^^^^^^
  File "/opt/venv/lib/python3.12/site-packages/django/contrib/contenttypes/models.py", line 114, in get_for_id
    ct = self.get(pk=id)
         ^^^^^^^^^^^^^^^
  File "/opt/venv/lib/python3.12/site-packages/django/db/models/manager.py", line 87, in manager_method
    return getattr(self.get_queryset(), name)(*args, **kwargs)
           ^^^^^^^^^^^^^^^^^^^^^^^^^^^^^^^^^^^^^^^^^^^^^^^^^^^
  File "/opt/venv/lib/python3.12/site-packages/django/db/models/query.py", line 639, in get
    raise self.model.DoesNotExist(
django.contrib.contenttypes.models.ContentType.DoesNotExist: ContentType matching query does not exist.
[2026-06-02 19:28:51] INFO     django_tasks:47  Task id=kkgMovpohkTOLpHjdMUAD7nkLIQJG6rh path=modelsearch.tasks.insert_or_update_object_task state=RUNNING
[2026-06-02 19:28:51] ERROR    django_tasks:65  Task id=kkgMovpohkTOLpHjdMUAD7nkLIQJG6rh path=modelsearch.tasks.insert_or_update_object_task state=FAILED
Traceback (most recent call last):
  File "/opt/venv/lib/python3.12/site-packages/django/contrib/contenttypes/models.py", line 110, in get_for_id
    ct = self._cache[self.db][id]
         ~~~~~~~~~~~~~~~~~~~~^^^^
KeyError: 123

During handling of the above exception, another exception occurred:

Traceback (most recent call last):
  File "/opt/venv/lib/python3.12/site-packages/wagtail/models/pages.py", line 1508, in get_indexed_instance
    return self.specific
           ^^^^^^^^^^^^^
  File "/opt/venv/lib/python3.12/site-packages/django/utils/functional.py", line 47, in __get__
    res = instance.__dict__[self.name] = self.func(instance)
                                         ^^^^^^^^^^^^^^^^^^^
  File "/opt/venv/lib/python3.12/site-packages/wagtail/models/specific.py", line 93, in specific
    return self.get_specific()
           ^^^^^^^^^^^^^^^^^^^
  File "/opt/venv/lib/python3.12/site-packages/wagtail/models/specific.py", line 48, in get_specific
    model_class = self.specific_class
                  ^^^^^^^^^^^^^^^^^^^
  File "/opt/venv/lib/python3.12/site-packages/django/utils/functional.py", line 47, in __get__
    res = instance.__dict__[self.name] = self.func(instance)
                                         ^^^^^^^^^^^^^^^^^^^
  File "/opt/venv/lib/python3.12/site-packages/wagtail/models/specific.py", line 119, in specific_class
    return self.cached_content_type.model_class()
           ^^^^^^^^^^^^^^^^^^^^^^^^
  File "/opt/venv/lib/python3.12/site-packages/wagtail/models/specific.py", line 128, in cached_content_type
    return ContentType.objects.get_for_id(self.content_type_id)
           ^^^^^^^^^^^^^^^^^^^^^^^^^^^^^^^^^^^^^^^^^^^^^^^^^^^^
  File "/opt/venv/lib/python3.12/site-packages/django/contrib/contenttypes/models.py", line 114, in get_for_id
    ct = self.get(pk=id)
         ^^^^^^^^^^^^^^^
  File "/opt/venv/lib/python3.12/site-packages/django/db/models/manager.py", line 87, in manager_method
    return getattr(self.get_queryset(), name)(*args, **kwargs)
           ^^^^^^^^^^^^^^^^^^^^^^^^^^^^^^^^^^^^^^^^^^^^^^^^^^^
  File "/opt/venv/lib/python3.12/site-packages/django/db/models/query.py", line 639, in get
    raise self.model.DoesNotExist(
django.contrib.contenttypes.models.ContentType.DoesNotExist: ContentType matching query does not exist.

During handling of the above exception, another exception occurred:

Traceback (most recent call last):
  File "/opt/venv/lib/python3.12/site-packages/django/contrib/contenttypes/models.py", line 110, in get_for_id
    ct = self._cache[self.db][id]
         ~~~~~~~~~~~~~~~~~~~~^^^^
KeyError: 123

During handling of the above exception, another exception occurred:

Traceback (most recent call last):
  File "/opt/venv/lib/python3.12/site-packages/django_tasks/backends/immediate.py", line 59, in _execute_task
    raw_return_value = task.call(*task_result.args, **task_result.kwargs)
                       ^^^^^^^^^^^^^^^^^^^^^^^^^^^^^^^^^^^^^^^^^^^^^^^^^^
  File "/opt/venv/lib/python3.12/site-packages/django_tasks/base.py", line 166, in call
    return self.func(*args, **kwargs)
           ^^^^^^^^^^^^^^^^^^^^^^^^^^
  File "/opt/venv/lib/python3.12/site-packages/modelsearch/tasks.py", line 10, in insert_or_update_object_task
    index.insert_or_update_object(model.objects.get(pk=pk))
  File "/opt/venv/lib/python3.12/site-packages/modelsearch/index.py", line 175, in insert_or_update_object
    indexed_instance = get_indexed_instance(instance)
                       ^^^^^^^^^^^^^^^^^^^^^^^^^^^^^^
  File "/opt/venv/lib/python3.12/site-packages/modelsearch/index.py", line 157, in get_indexed_instance
    indexed_instance = instance.get_indexed_instance()
                       ^^^^^^^^^^^^^^^^^^^^^^^^^^^^^^^
  File "/opt/venv/lib/python3.12/site-packages/wagtail/models/pages.py", line 1509, in get_indexed_instance
    except self.specific_class.DoesNotExist:
           ^^^^^^^^^^^^^^^^^^^
  File "/opt/venv/lib/python3.12/site-packages/django/utils/functional.py", line 47, in __get__
    res = instance.__dict__[self.name] = self.func(instance)
                                         ^^^^^^^^^^^^^^^^^^^
  File "/opt/venv/lib/python3.12/site-packages/wagtail/models/specific.py", line 119, in specific_class
    return self.cached_content_type.model_class()
           ^^^^^^^^^^^^^^^^^^^^^^^^
  File "/opt/venv/lib/python3.12/site-packages/wagtail/models/specific.py", line 128, in cached_content_type
    return ContentType.objects.get_for_id(self.content_type_id)
           ^^^^^^^^^^^^^^^^^^^^^^^^^^^^^^^^^^^^^^^^^^^^^^^^^^^^
  File "/opt/venv/lib/python3.12/site-packages/django/contrib/contenttypes/models.py", line 114, in get_for_id
    ct = self.get(pk=id)
         ^^^^^^^^^^^^^^^
  File "/opt/venv/lib/python3.12/site-packages/django/db/models/manager.py", line 87, in manager_method
    return getattr(self.get_queryset(), name)(*args, **kwargs)
           ^^^^^^^^^^^^^^^^^^^^^^^^^^^^^^^^^^^^^^^^^^^^^^^^^^^
  File "/opt/venv/lib/python3.12/site-packages/django/db/models/query.py", line 639, in get
    raise self.model.DoesNotExist(
django.contrib.contenttypes.models.ContentType.DoesNotExist: ContentType matching query does not exist.
[2026-06-02 19:28:51] INFO     django_tasks:47  Task id=UQarnhiLtR1EpsNs5IV90KXM8UqkUYH7 path=modelsearch.tasks.insert_or_update_object_task state=RUNNING
[2026-06-02 19:28:51] ERROR    django_tasks:65  Task id=UQarnhiLtR1EpsNs5IV90KXM8UqkUYH7 path=modelsearch.tasks.insert_or_update_object_task state=FAILED
Traceback (most recent call last):
  File "/opt/venv/lib/python3.12/site-packages/django/contrib/contenttypes/models.py", line 110, in get_for_id
    ct = self._cache[self.db][id]
         ~~~~~~~~~~~~~~~~~~~~^^^^
KeyError: 123

During handling of the above exception, another exception occurred:

Traceback (most recent call last):
  File "/opt/venv/lib/python3.12/site-packages/wagtail/models/pages.py", line 1508, in get_indexed_instance
    return self.specific
           ^^^^^^^^^^^^^
  File "/opt/venv/lib/python3.12/site-packages/django/utils/functional.py", line 47, in __get__
    res = instance.__dict__[self.name] = self.func(instance)
                                         ^^^^^^^^^^^^^^^^^^^
  File "/opt/venv/lib/python3.12/site-packages/wagtail/models/specific.py", line 93, in specific
    return self.get_specific()
           ^^^^^^^^^^^^^^^^^^^
  File "/opt/venv/lib/python3.12/site-packages/wagtail/models/specific.py", line 48, in get_specific
    model_class = self.specific_class
                  ^^^^^^^^^^^^^^^^^^^
  File "/opt/venv/lib/python3.12/site-packages/django/utils/functional.py", line 47, in __get__
    res = instance.__dict__[self.name] = self.func(instance)
                                         ^^^^^^^^^^^^^^^^^^^
  File "/opt/venv/lib/python3.12/site-packages/wagtail/models/specific.py", line 119, in specific_class
    return self.cached_content_type.model_class()
           ^^^^^^^^^^^^^^^^^^^^^^^^
  File "/opt/venv/lib/python3.12/site-packages/wagtail/models/specific.py", line 128, in cached_content_type
    return ContentType.objects.get_for_id(self.content_type_id)
           ^^^^^^^^^^^^^^^^^^^^^^^^^^^^^^^^^^^^^^^^^^^^^^^^^^^^
  File "/opt/venv/lib/python3.12/site-packages/django/contrib/contenttypes/models.py", line 114, in get_for_id
    ct = self.get(pk=id)
         ^^^^^^^^^^^^^^^
  File "/opt/venv/lib/python3.12/site-packages/django/db/models/manager.py", line 87, in manager_method
    return getattr(self.get_queryset(), name)(*args, **kwargs)
           ^^^^^^^^^^^^^^^^^^^^^^^^^^^^^^^^^^^^^^^^^^^^^^^^^^^
  File "/opt/venv/lib/python3.12/site-packages/django/db/models/query.py", line 639, in get
    raise self.model.DoesNotExist(
django.contrib.contenttypes.models.ContentType.DoesNotExist: ContentType matching query does not exist.

During handling of the above exception, another exception occurred:

Traceback (most recent call last):
  File "/opt/venv/lib/python3.12/site-packages/django/contrib/contenttypes/models.py", line 110, in get_for_id
    ct = self._cache[self.db][id]
         ~~~~~~~~~~~~~~~~~~~~^^^^
KeyError: 123

During handling of the above exception, another exception occurred:

Traceback (most recent call last):
  File "/opt/venv/lib/python3.12/site-packages/django_tasks/backends/immediate.py", line 59, in _execute_task
    raw_return_value = task.call(*task_result.args, **task_result.kwargs)
                       ^^^^^^^^^^^^^^^^^^^^^^^^^^^^^^^^^^^^^^^^^^^^^^^^^^
  File "/opt/venv/lib/python3.12/site-packages/django_tasks/base.py", line 166, in call
    return self.func(*args, **kwargs)
           ^^^^^^^^^^^^^^^^^^^^^^^^^^
  File "/opt/venv/lib/python3.12/site-packages/modelsearch/tasks.py", line 10, in insert_or_update_object_task
    index.insert_or_update_object(model.objects.get(pk=pk))
  File "/opt/venv/lib/python3.12/site-packages/modelsearch/index.py", line 175, in insert_or_update_object
    indexed_instance = get_indexed_instance(instance)
                       ^^^^^^^^^^^^^^^^^^^^^^^^^^^^^^
  File "/opt/venv/lib/python3.12/site-packages/modelsearch/index.py", line 157, in get_indexed_instance
    indexed_instance = instance.get_indexed_instance()
                       ^^^^^^^^^^^^^^^^^^^^^^^^^^^^^^^
  File "/opt/venv/lib/python3.12/site-packages/wagtail/models/pages.py", line 1509, in get_indexed_instance
    except self.specific_class.DoesNotExist:
           ^^^^^^^^^^^^^^^^^^^
  File "/opt/venv/lib/python3.12/site-packages/django/utils/functional.py", line 47, in __get__
    res = instance.__dict__[self.name] = self.func(instance)
                                         ^^^^^^^^^^^^^^^^^^^
  File "/opt/venv/lib/python3.12/site-packages/wagtail/models/specific.py", line 119, in specific_class
    return self.cached_content_type.model_class()
           ^^^^^^^^^^^^^^^^^^^^^^^^
  File "/opt/venv/lib/python3.12/site-packages/wagtail/models/specific.py", line 128, in cached_content_type
    return ContentType.objects.get_for_id(self.content_type_id)
           ^^^^^^^^^^^^^^^^^^^^^^^^^^^^^^^^^^^^^^^^^^^^^^^^^^^^
  File "/opt/venv/lib/python3.12/site-packages/django/contrib/contenttypes/models.py", line 114, in get_for_id
    ct = self.get(pk=id)
         ^^^^^^^^^^^^^^^
  File "/opt/venv/lib/python3.12/site-packages/django/db/models/manager.py", line 87, in manager_method
    return getattr(self.get_queryset(), name)(*args, **kwargs)
           ^^^^^^^^^^^^^^^^^^^^^^^^^^^^^^^^^^^^^^^^^^^^^^^^^^^
  File "/opt/venv/lib/python3.12/site-packages/django/db/models/query.py", line 639, in get
    raise self.model.DoesNotExist(
django.contrib.contenttypes.models.ContentType.DoesNotExist: ContentType matching query does not exist.
[2026-06-02 19:28:51] INFO     django_tasks:47  Task id=TEAmdHRIMorgfpR6W0rIwImcQjyuQ8qB path=modelsearch.tasks.insert_or_update_object_task state=RUNNING
[2026-06-02 19:28:51] ERROR    django_tasks:65  Task id=TEAmdHRIMorgfpR6W0rIwImcQjyuQ8qB path=modelsearch.tasks.insert_or_update_object_task state=FAILED
Traceback (most recent call last):
  File "/opt/venv/lib/python3.12/site-packages/django/contrib/contenttypes/models.py", line 110, in get_for_id
    ct = self._cache[self.db][id]
         ~~~~~~~~~~~~~~~~~~~~^^^^
KeyError: 122

During handling of the above exception, another exception occurred:

Traceback (most recent call last):
  File "/opt/venv/lib/python3.12/site-packages/wagtail/models/pages.py", line 1508, in get_indexed_instance
    return self.specific
           ^^^^^^^^^^^^^
  File "/opt/venv/lib/python3.12/site-packages/django/utils/functional.py", line 47, in __get__
    res = instance.__dict__[self.name] = self.func(instance)
                                         ^^^^^^^^^^^^^^^^^^^
  File "/opt/venv/lib/python3.12/site-packages/wagtail/models/specific.py", line 93, in specific
    return self.get_specific()
           ^^^^^^^^^^^^^^^^^^^
  File "/opt/venv/lib/python3.12/site-packages/wagtail/models/specific.py", line 48, in get_specific
    model_class = self.specific_class
                  ^^^^^^^^^^^^^^^^^^^
  File "/opt/venv/lib/python3.12/site-packages/django/utils/functional.py", line 47, in __get__
    res = instance.__dict__[self.name] = self.func(instance)
                                         ^^^^^^^^^^^^^^^^^^^
  File "/opt/venv/lib/python3.12/site-packages/wagtail/models/specific.py", line 119, in specific_class
    return self.cached_content_type.model_class()
           ^^^^^^^^^^^^^^^^^^^^^^^^
  File "/opt/venv/lib/python3.12/site-packages/wagtail/models/specific.py", line 128, in cached_content_type
    return ContentType.objects.get_for_id(self.content_type_id)
           ^^^^^^^^^^^^^^^^^^^^^^^^^^^^^^^^^^^^^^^^^^^^^^^^^^^^
  File "/opt/venv/lib/python3.12/site-packages/django/contrib/contenttypes/models.py", line 114, in get_for_id
    ct = self.get(pk=id)
         ^^^^^^^^^^^^^^^
  File "/opt/venv/lib/python3.12/site-packages/django/db/models/manager.py", line 87, in manager_method
    return getattr(self.get_queryset(), name)(*args, **kwargs)
           ^^^^^^^^^^^^^^^^^^^^^^^^^^^^^^^^^^^^^^^^^^^^^^^^^^^
  File "/opt/venv/lib/python3.12/site-packages/django/db/models/query.py", line 639, in get
    raise self.model.DoesNotExist(
django.contrib.contenttypes.models.ContentType.DoesNotExist: ContentType matching query does not exist.

During handling of the above exception, another exception occurred:

Traceback (most recent call last):
  File "/opt/venv/lib/python3.12/site-packages/django/contrib/contenttypes/models.py", line 110, in get_for_id
    ct = self._cache[self.db][id]
         ~~~~~~~~~~~~~~~~~~~~^^^^
KeyError: 122

During handling of the above exception, another exception occurred:

Traceback (most recent call last):
  File "/opt/venv/lib/python3.12/site-packages/django_tasks/backends/immediate.py", line 59, in _execute_task
    raw_return_value = task.call(*task_result.args, **task_result.kwargs)
                       ^^^^^^^^^^^^^^^^^^^^^^^^^^^^^^^^^^^^^^^^^^^^^^^^^^
  File "/opt/venv/lib/python3.12/site-packages/django_tasks/base.py", line 166, in call
    return self.func(*args, **kwargs)
           ^^^^^^^^^^^^^^^^^^^^^^^^^^
  File "/opt/venv/lib/python3.12/site-packages/modelsearch/tasks.py", line 10, in insert_or_update_object_task
    index.insert_or_update_object(model.objects.get(pk=pk))
  File "/opt/venv/lib/python3.12/site-packages/modelsearch/index.py", line 175, in insert_or_update_object
    indexed_instance = get_indexed_instance(instance)
                       ^^^^^^^^^^^^^^^^^^^^^^^^^^^^^^
  File "/opt/venv/lib/python3.12/site-packages/modelsearch/index.py", line 157, in get_indexed_instance
    indexed_instance = instance.get_indexed_instance()
                       ^^^^^^^^^^^^^^^^^^^^^^^^^^^^^^^
  File "/opt/venv/lib/python3.12/site-packages/wagtail/models/pages.py", line 1509, in get_indexed_instance
    except self.specific_class.DoesNotExist:
           ^^^^^^^^^^^^^^^^^^^
  File "/opt/venv/lib/python3.12/site-packages/django/utils/functional.py", line 47, in __get__
    res = instance.__dict__[self.name] = self.func(instance)
                                         ^^^^^^^^^^^^^^^^^^^
  File "/opt/venv/lib/python3.12/site-packages/wagtail/models/specific.py", line 119, in specific_class
    return self.cached_content_type.model_class()
           ^^^^^^^^^^^^^^^^^^^^^^^^
  File "/opt/venv/lib/python3.12/site-packages/wagtail/models/specific.py", line 128, in cached_content_type
    return ContentType.objects.get_for_id(self.content_type_id)
           ^^^^^^^^^^^^^^^^^^^^^^^^^^^^^^^^^^^^^^^^^^^^^^^^^^^^
  File "/opt/venv/lib/python3.12/site-packages/django/contrib/contenttypes/models.py", line 114, in get_for_id
    ct = self.get(pk=id)
         ^^^^^^^^^^^^^^^
  File "/opt/venv/lib/python3.12/site-packages/django/db/models/manager.py", line 87, in manager_method
    return getattr(self.get_queryset(), name)(*args, **kwargs)
           ^^^^^^^^^^^^^^^^^^^^^^^^^^^^^^^^^^^^^^^^^^^^^^^^^^^
  File "/opt/venv/lib/python3.12/site-packages/django/db/models/query.py", line 639, in get
    raise self.model.DoesNotExist(
django.contrib.contenttypes.models.ContentType.DoesNotExist: ContentType matching query does not exist.
[2026-06-02 19:28:51] INFO     django_tasks:47  Task id=q6qCRXJxhTyU24V9Ie0U6OF597j01xlT path=modelsearch.tasks.insert_or_update_object_task state=RUNNING
[2026-06-02 19:28:51] ERROR    django_tasks:65  Task id=q6qCRXJxhTyU24V9Ie0U6OF597j01xlT path=modelsearch.tasks.insert_or_update_object_task state=FAILED
Traceback (most recent call last):
  File "/opt/venv/lib/python3.12/site-packages/django/contrib/contenttypes/models.py", line 110, in get_for_id
    ct = self._cache[self.db][id]
         ~~~~~~~~~~~~~~~~~~~~^^^^
KeyError: 122

During handling of the above exception, another exception occurred:

Traceback (most recent call last):
  File "/opt/venv/lib/python3.12/site-packages/wagtail/models/pages.py", line 1508, in get_indexed_instance
    return self.specific
           ^^^^^^^^^^^^^
  File "/opt/venv/lib/python3.12/site-packages/django/utils/functional.py", line 47, in __get__
    res = instance.__dict__[self.name] = self.func(instance)
                                         ^^^^^^^^^^^^^^^^^^^
  File "/opt/venv/lib/python3.12/site-packages/wagtail/models/specific.py", line 93, in specific
    return self.get_specific()
           ^^^^^^^^^^^^^^^^^^^
  File "/opt/venv/lib/python3.12/site-packages/wagtail/models/specific.py", line 48, in get_specific
    model_class = self.specific_class
                  ^^^^^^^^^^^^^^^^^^^
  File "/opt/venv/lib/python3.12/site-packages/django/utils/functional.py", line 47, in __get__
    res = instance.__dict__[self.name] = self.func(instance)
                                         ^^^^^^^^^^^^^^^^^^^
  File "/opt/venv/lib/python3.12/site-packages/wagtail/models/specific.py", line 119, in specific_class
    return self.cached_content_type.model_class()
           ^^^^^^^^^^^^^^^^^^^^^^^^
  File "/opt/venv/lib/python3.12/site-packages/wagtail/models/specific.py", line 128, in cached_content_type
    return ContentType.objects.get_for_id(self.content_type_id)
           ^^^^^^^^^^^^^^^^^^^^^^^^^^^^^^^^^^^^^^^^^^^^^^^^^^^^
  File "/opt/venv/lib/python3.12/site-packages/django/contrib/contenttypes/models.py", line 114, in get_for_id
    ct = self.get(pk=id)
         ^^^^^^^^^^^^^^^
  File "/opt/venv/lib/python3.12/site-packages/django/db/models/manager.py", line 87, in manager_method
    return getattr(self.get_queryset(), name)(*args, **kwargs)
           ^^^^^^^^^^^^^^^^^^^^^^^^^^^^^^^^^^^^^^^^^^^^^^^^^^^
  File "/opt/venv/lib/python3.12/site-packages/django/db/models/query.py", line 639, in get
    raise self.model.DoesNotExist(
django.contrib.contenttypes.models.ContentType.DoesNotExist: ContentType matching query does not exist.

During handling of the above exception, another exception occurred:

Traceback (most recent call last):
  File "/opt/venv/lib/python3.12/site-packages/django/contrib/contenttypes/models.py", line 110, in get_for_id
    ct = self._cache[self.db][id]
         ~~~~~~~~~~~~~~~~~~~~^^^^
KeyError: 122

During handling of the above exception, another exception occurred:

Traceback (most recent call last):
  File "/opt/venv/lib/python3.12/site-packages/django_tasks/backends/immediate.py", line 59, in _execute_task
    raw_return_value = task.call(*task_result.args, **task_result.kwargs)
                       ^^^^^^^^^^^^^^^^^^^^^^^^^^^^^^^^^^^^^^^^^^^^^^^^^^
  File "/opt/venv/lib/python3.12/site-packages/django_tasks/base.py", line 166, in call
    return self.func(*args, **kwargs)
           ^^^^^^^^^^^^^^^^^^^^^^^^^^
  File "/opt/venv/lib/python3.12/site-packages/modelsearch/tasks.py", line 10, in insert_or_update_object_task
    index.insert_or_update_object(model.objects.get(pk=pk))
  File "/opt/venv/lib/python3.12/site-packages/modelsearch/index.py", line 175, in insert_or_update_object
    indexed_instance = get_indexed_instance(instance)
                       ^^^^^^^^^^^^^^^^^^^^^^^^^^^^^^
  File "/opt/venv/lib/python3.12/site-packages/modelsearch/index.py", line 157, in get_indexed_instance
    indexed_instance = instance.get_indexed_instance()
                       ^^^^^^^^^^^^^^^^^^^^^^^^^^^^^^^
  File "/opt/venv/lib/python3.12/site-packages/wagtail/models/pages.py", line 1509, in get_indexed_instance
    except self.specific_class.DoesNotExist:
           ^^^^^^^^^^^^^^^^^^^
  File "/opt/venv/lib/python3.12/site-packages/django/utils/functional.py", line 47, in __get__
    res = instance.__dict__[self.name] = self.func(instance)
                                         ^^^^^^^^^^^^^^^^^^^
  File "/opt/venv/lib/python3.12/site-packages/wagtail/models/specific.py", line 119, in specific_class
    return self.cached_content_type.model_class()
           ^^^^^^^^^^^^^^^^^^^^^^^^
  File "/opt/venv/lib/python3.12/site-packages/wagtail/models/specific.py", line 128, in cached_content_type
    return ContentType.objects.get_for_id(self.content_type_id)
           ^^^^^^^^^^^^^^^^^^^^^^^^^^^^^^^^^^^^^^^^^^^^^^^^^^^^
  File "/opt/venv/lib/python3.12/site-packages/django/contrib/contenttypes/models.py", line 114, in get_for_id
    ct = self.get(pk=id)
         ^^^^^^^^^^^^^^^
  File "/opt/venv/lib/python3.12/site-packages/django/db/models/manager.py", line 87, in manager_method
    return getattr(self.get_queryset(), name)(*args, **kwargs)
           ^^^^^^^^^^^^^^^^^^^^^^^^^^^^^^^^^^^^^^^^^^^^^^^^^^^
  File "/opt/venv/lib/python3.12/site-packages/django/db/models/query.py", line 639, in get
    raise self.model.DoesNotExist(
django.contrib.contenttypes.models.ContentType.DoesNotExist: ContentType matching query does not exist.
[2026-06-02 19:28:51] INFO     django_tasks:47  Task id=pjRB1AYW0msyrTPloWlcfACJMXmUBVHp path=modelsearch.tasks.insert_or_update_object_task state=RUNNING
[2026-06-02 19:28:51] ERROR    django_tasks:65  Task id=pjRB1AYW0msyrTPloWlcfACJMXmUBVHp path=modelsearch.tasks.insert_or_update_object_task state=FAILED
Traceback (most recent call last):
  File "/opt/venv/lib/python3.12/site-packages/django/contrib/contenttypes/models.py", line 110, in get_for_id
    ct = self._cache[self.db][id]
         ~~~~~~~~~~~~~~~~~~~~^^^^
KeyError: 122

During handling of the above exception, another exception occurred:

Traceback (most recent call last):
  File "/opt/venv/lib/python3.12/site-packages/wagtail/models/pages.py", line 1508, in get_indexed_instance
    return self.specific
           ^^^^^^^^^^^^^
  File "/opt/venv/lib/python3.12/site-packages/django/utils/functional.py", line 47, in __get__
    res = instance.__dict__[self.name] = self.func(instance)
                                         ^^^^^^^^^^^^^^^^^^^
  File "/opt/venv/lib/python3.12/site-packages/wagtail/models/specific.py", line 93, in specific
    return self.get_specific()
           ^^^^^^^^^^^^^^^^^^^
  File "/opt/venv/lib/python3.12/site-packages/wagtail/models/specific.py", line 48, in get_specific
    model_class = self.specific_class
                  ^^^^^^^^^^^^^^^^^^^
  File "/opt/venv/lib/python3.12/site-packages/django/utils/functional.py", line 47, in __get__
    res = instance.__dict__[self.name] = self.func(instance)
                                         ^^^^^^^^^^^^^^^^^^^
  File "/opt/venv/lib/python3.12/site-packages/wagtail/models/specific.py", line 119, in specific_class
    return self.cached_content_type.model_class()
           ^^^^^^^^^^^^^^^^^^^^^^^^
  File "/opt/venv/lib/python3.12/site-packages/wagtail/models/specific.py", line 128, in cached_content_type
    return ContentType.objects.get_for_id(self.content_type_id)
           ^^^^^^^^^^^^^^^^^^^^^^^^^^^^^^^^^^^^^^^^^^^^^^^^^^^^
  File "/opt/venv/lib/python3.12/site-packages/django/contrib/contenttypes/models.py", line 114, in get_for_id
    ct = self.get(pk=id)
         ^^^^^^^^^^^^^^^
  File "/opt/venv/lib/python3.12/site-packages/django/db/models/manager.py", line 87, in manager_method
    return getattr(self.get_queryset(), name)(*args, **kwargs)
           ^^^^^^^^^^^^^^^^^^^^^^^^^^^^^^^^^^^^^^^^^^^^^^^^^^^
  File "/opt/venv/lib/python3.12/site-packages/django/db/models/query.py", line 639, in get
    raise self.model.DoesNotExist(
django.contrib.contenttypes.models.ContentType.DoesNotExist: ContentType matching query does not exist.

During handling of the above exception, another exception occurred:

Traceback (most recent call last):
  File "/opt/venv/lib/python3.12/site-packages/django/contrib/contenttypes/models.py", line 110, in get_for_id
    ct = self._cache[self.db][id]
         ~~~~~~~~~~~~~~~~~~~~^^^^
KeyError: 122

During handling of the above exception, another exception occurred:

Traceback (most recent call last):
  File "/opt/venv/lib/python3.12/site-packages/django_tasks/backends/immediate.py", line 59, in _execute_task
    raw_return_value = task.call(*task_result.args, **task_result.kwargs)
                       ^^^^^^^^^^^^^^^^^^^^^^^^^^^^^^^^^^^^^^^^^^^^^^^^^^
  File "/opt/venv/lib/python3.12/site-packages/django_tasks/base.py", line 166, in call
    return self.func(*args, **kwargs)
           ^^^^^^^^^^^^^^^^^^^^^^^^^^
  File "/opt/venv/lib/python3.12/site-packages/modelsearch/tasks.py", line 10, in insert_or_update_object_task
    index.insert_or_update_object(model.objects.get(pk=pk))
  File "/opt/venv/lib/python3.12/site-packages/modelsearch/index.py", line 175, in insert_or_update_object
    indexed_instance = get_indexed_instance(instance)
                       ^^^^^^^^^^^^^^^^^^^^^^^^^^^^^^
  File "/opt/venv/lib/python3.12/site-packages/modelsearch/index.py", line 157, in get_indexed_instance
    indexed_instance = instance.get_indexed_instance()
                       ^^^^^^^^^^^^^^^^^^^^^^^^^^^^^^^
  File "/opt/venv/lib/python3.12/site-packages/wagtail/models/pages.py", line 1509, in get_indexed_instance
    except self.specific_class.DoesNotExist:
           ^^^^^^^^^^^^^^^^^^^
  File "/opt/venv/lib/python3.12/site-packages/django/utils/functional.py", line 47, in __get__
    res = instance.__dict__[self.name] = self.func(instance)
                                         ^^^^^^^^^^^^^^^^^^^
  File "/opt/venv/lib/python3.12/site-packages/wagtail/models/specific.py", line 119, in specific_class
    return self.cached_content_type.model_class()
           ^^^^^^^^^^^^^^^^^^^^^^^^
  File "/opt/venv/lib/python3.12/site-packages/wagtail/models/specific.py", line 128, in cached_content_type
    return ContentType.objects.get_for_id(self.content_type_id)
           ^^^^^^^^^^^^^^^^^^^^^^^^^^^^^^^^^^^^^^^^^^^^^^^^^^^^
  File "/opt/venv/lib/python3.12/site-packages/django/contrib/contenttypes/models.py", line 114, in get_for_id
    ct = self.get(pk=id)
         ^^^^^^^^^^^^^^^
  File "/opt/venv/lib/python3.12/site-packages/django/db/models/manager.py", line 87, in manager_method
    return getattr(self.get_queryset(), name)(*args, **kwargs)
           ^^^^^^^^^^^^^^^^^^^^^^^^^^^^^^^^^^^^^^^^^^^^^^^^^^^
  File "/opt/venv/lib/python3.12/site-packages/django/db/models/query.py", line 639, in get
    raise self.model.DoesNotExist(
django.contrib.contenttypes.models.ContentType.DoesNotExist: ContentType matching query does not exist.
[2026-06-02 19:28:51] INFO     django_tasks:47  Task id=YSrlS1r6QlygDiu4pTzrdzJgQsJBYwpv path=modelsearch.tasks.insert_or_update_object_task state=RUNNING
[2026-06-02 19:28:51] ERROR    django_tasks:65  Task id=YSrlS1r6QlygDiu4pTzrdzJgQsJBYwpv path=modelsearch.tasks.insert_or_update_object_task state=FAILED
Traceback (most recent call last):
  File "/opt/venv/lib/python3.12/site-packages/django/contrib/contenttypes/models.py", line 110, in get_for_id
    ct = self._cache[self.db][id]
         ~~~~~~~~~~~~~~~~~~~~^^^^
KeyError: 122

During handling of the above exception, another exception occurred:

Traceback (most recent call last):
  File "/opt/venv/lib/python3.12/site-packages/wagtail/models/pages.py", line 1508, in get_indexed_instance
    return self.specific
           ^^^^^^^^^^^^^
  File "/opt/venv/lib/python3.12/site-packages/django/utils/functional.py", line 47, in __get__
    res = instance.__dict__[self.name] = self.func(instance)
                                         ^^^^^^^^^^^^^^^^^^^
  File "/opt/venv/lib/python3.12/site-packages/wagtail/models/specific.py", line 93, in specific
    return self.get_specific()
           ^^^^^^^^^^^^^^^^^^^
  File "/opt/venv/lib/python3.12/site-packages/wagtail/models/specific.py", line 48, in get_specific
    model_class = self.specific_class
                  ^^^^^^^^^^^^^^^^^^^
  File "/opt/venv/lib/python3.12/site-packages/django/utils/functional.py", line 47, in __get__
    res = instance.__dict__[self.name] = self.func(instance)
                                         ^^^^^^^^^^^^^^^^^^^
  File "/opt/venv/lib/python3.12/site-packages/wagtail/models/specific.py", line 119, in specific_class
    return self.cached_content_type.model_class()
           ^^^^^^^^^^^^^^^^^^^^^^^^
  File "/opt/venv/lib/python3.12/site-packages/wagtail/models/specific.py", line 128, in cached_content_type
    return ContentType.objects.get_for_id(self.content_type_id)
           ^^^^^^^^^^^^^^^^^^^^^^^^^^^^^^^^^^^^^^^^^^^^^^^^^^^^
  File "/opt/venv/lib/python3.12/site-packages/django/contrib/contenttypes/models.py", line 114, in get_for_id
    ct = self.get(pk=id)
         ^^^^^^^^^^^^^^^
  File "/opt/venv/lib/python3.12/site-packages/django/db/models/manager.py", line 87, in manager_method
    return getattr(self.get_queryset(), name)(*args, **kwargs)
           ^^^^^^^^^^^^^^^^^^^^^^^^^^^^^^^^^^^^^^^^^^^^^^^^^^^
  File "/opt/venv/lib/python3.12/site-packages/django/db/models/query.py", line 639, in get
    raise self.model.DoesNotExist(
django.contrib.contenttypes.models.ContentType.DoesNotExist: ContentType matching query does not exist.

During handling of the above exception, another exception occurred:

Traceback (most recent call last):
  File "/opt/venv/lib/python3.12/site-packages/django/contrib/contenttypes/models.py", line 110, in get_for_id
    ct = self._cache[self.db][id]
         ~~~~~~~~~~~~~~~~~~~~^^^^
KeyError: 122

During handling of the above exception, another exception occurred:

Traceback (most recent call last):
  File "/opt/venv/lib/python3.12/site-packages/django_tasks/backends/immediate.py", line 59, in _execute_task
    raw_return_value = task.call(*task_result.args, **task_result.kwargs)
                       ^^^^^^^^^^^^^^^^^^^^^^^^^^^^^^^^^^^^^^^^^^^^^^^^^^
  File "/opt/venv/lib/python3.12/site-packages/django_tasks/base.py", line 166, in call
    return self.func(*args, **kwargs)
           ^^^^^^^^^^^^^^^^^^^^^^^^^^
  File "/opt/venv/lib/python3.12/site-packages/modelsearch/tasks.py", line 10, in insert_or_update_object_task
    index.insert_or_update_object(model.objects.get(pk=pk))
  File "/opt/venv/lib/python3.12/site-packages/modelsearch/index.py", line 175, in insert_or_update_object
    indexed_instance = get_indexed_instance(instance)
                       ^^^^^^^^^^^^^^^^^^^^^^^^^^^^^^
  File "/opt/venv/lib/python3.12/site-packages/modelsearch/index.py", line 157, in get_indexed_instance
    indexed_instance = instance.get_indexed_instance()
                       ^^^^^^^^^^^^^^^^^^^^^^^^^^^^^^^
  File "/opt/venv/lib/python3.12/site-packages/wagtail/models/pages.py", line 1509, in get_indexed_instance
    except self.specific_class.DoesNotExist:
           ^^^^^^^^^^^^^^^^^^^
  File "/opt/venv/lib/python3.12/site-packages/django/utils/functional.py", line 47, in __get__
    res = instance.__dict__[self.name] = self.func(instance)
                                         ^^^^^^^^^^^^^^^^^^^
  File "/opt/venv/lib/python3.12/site-packages/wagtail/models/specific.py", line 119, in specific_class
    return self.cached_content_type.model_class()
           ^^^^^^^^^^^^^^^^^^^^^^^^
  File "/opt/venv/lib/python3.12/site-packages/wagtail/models/specific.py", line 128, in cached_content_type
    return ContentType.objects.get_for_id(self.content_type_id)
           ^^^^^^^^^^^^^^^^^^^^^^^^^^^^^^^^^^^^^^^^^^^^^^^^^^^^
  File "/opt/venv/lib/python3.12/site-packages/django/contrib/contenttypes/models.py", line 114, in get_for_id
    ct = self.get(pk=id)
         ^^^^^^^^^^^^^^^
  File "/opt/venv/lib/python3.12/site-packages/django/db/models/manager.py", line 87, in manager_method
    return getattr(self.get_queryset(), name)(*args, **kwargs)
           ^^^^^^^^^^^^^^^^^^^^^^^^^^^^^^^^^^^^^^^^^^^^^^^^^^^
  File "/opt/venv/lib/python3.12/site-packages/django/db/models/query.py", line 639, in get
    raise self.model.DoesNotExist(
django.contrib.contenttypes.models.ContentType.DoesNotExist: ContentType matching query does not exist.
[2026-06-02 19:28:51] INFO     django_tasks:47  Task id=ekR807M5XxAILavjmITF3mPMs40aGkJm path=modelsearch.tasks.insert_or_update_object_task state=RUNNING
[2026-06-02 19:28:51] ERROR    django_tasks:65  Task id=ekR807M5XxAILavjmITF3mPMs40aGkJm path=modelsearch.tasks.insert_or_update_object_task state=FAILED
Traceback (most recent call last):
  File "/opt/venv/lib/python3.12/site-packages/django/contrib/contenttypes/models.py", line 110, in get_for_id
    ct = self._cache[self.db][id]
         ~~~~~~~~~~~~~~~~~~~~^^^^
KeyError: 122

During handling of the above exception, another exception occurred:

Traceback (most recent call last):
  File "/opt/venv/lib/python3.12/site-packages/wagtail/models/pages.py", line 1508, in get_indexed_instance
    return self.specific
           ^^^^^^^^^^^^^
  File "/opt/venv/lib/python3.12/site-packages/django/utils/functional.py", line 47, in __get__
    res = instance.__dict__[self.name] = self.func(instance)
                                         ^^^^^^^^^^^^^^^^^^^
  File "/opt/venv/lib/python3.12/site-packages/wagtail/models/specific.py", line 93, in specific
    return self.get_specific()
           ^^^^^^^^^^^^^^^^^^^
  File "/opt/venv/lib/python3.12/site-packages/wagtail/models/specific.py", line 48, in get_specific
    model_class = self.specific_class
                  ^^^^^^^^^^^^^^^^^^^
  File "/opt/venv/lib/python3.12/site-packages/django/utils/functional.py", line 47, in __get__
    res = instance.__dict__[self.name] = self.func(instance)
                                         ^^^^^^^^^^^^^^^^^^^
  File "/opt/venv/lib/python3.12/site-packages/wagtail/models/specific.py", line 119, in specific_class
    return self.cached_content_type.model_class()
           ^^^^^^^^^^^^^^^^^^^^^^^^
  File "/opt/venv/lib/python3.12/site-packages/wagtail/models/specific.py", line 128, in cached_content_type
    return ContentType.objects.get_for_id(self.content_type_id)
           ^^^^^^^^^^^^^^^^^^^^^^^^^^^^^^^^^^^^^^^^^^^^^^^^^^^^
  File "/opt/venv/lib/python3.12/site-packages/django/contrib/contenttypes/models.py", line 114, in get_for_id
    ct = self.get(pk=id)
         ^^^^^^^^^^^^^^^
  File "/opt/venv/lib/python3.12/site-packages/django/db/models/manager.py", line 87, in manager_method
    return getattr(self.get_queryset(), name)(*args, **kwargs)
           ^^^^^^^^^^^^^^^^^^^^^^^^^^^^^^^^^^^^^^^^^^^^^^^^^^^
  File "/opt/venv/lib/python3.12/site-packages/django/db/models/query.py", line 639, in get
    raise self.model.DoesNotExist(
django.contrib.contenttypes.models.ContentType.DoesNotExist: ContentType matching query does not exist.

During handling of the above exception, another exception occurred:

Traceback (most recent call last):
  File "/opt/venv/lib/python3.12/site-packages/django/contrib/contenttypes/models.py", line 110, in get_for_id
    ct = self._cache[self.db][id]
         ~~~~~~~~~~~~~~~~~~~~^^^^
KeyError: 122

During handling of the above exception, another exception occurred:

Traceback (most recent call last):
  File "/opt/venv/lib/python3.12/site-packages/django_tasks/backends/immediate.py", line 59, in _execute_task
    raw_return_value = task.call(*task_result.args, **task_result.kwargs)
                       ^^^^^^^^^^^^^^^^^^^^^^^^^^^^^^^^^^^^^^^^^^^^^^^^^^
  File "/opt/venv/lib/python3.12/site-packages/django_tasks/base.py", line 166, in call
    return self.func(*args, **kwargs)
           ^^^^^^^^^^^^^^^^^^^^^^^^^^
  File "/opt/venv/lib/python3.12/site-packages/modelsearch/tasks.py", line 10, in insert_or_update_object_task
    index.insert_or_update_object(model.objects.get(pk=pk))
  File "/opt/venv/lib/python3.12/site-packages/modelsearch/index.py", line 175, in insert_or_update_object
    indexed_instance = get_indexed_instance(instance)
                       ^^^^^^^^^^^^^^^^^^^^^^^^^^^^^^
  File "/opt/venv/lib/python3.12/site-packages/modelsearch/index.py", line 157, in get_indexed_instance
    indexed_instance = instance.get_indexed_instance()
                       ^^^^^^^^^^^^^^^^^^^^^^^^^^^^^^^
  File "/opt/venv/lib/python3.12/site-packages/wagtail/models/pages.py", line 1509, in get_indexed_instance
    except self.specific_class.DoesNotExist:
           ^^^^^^^^^^^^^^^^^^^
  File "/opt/venv/lib/python3.12/site-packages/django/utils/functional.py", line 47, in __get__
    res = instance.__dict__[self.name] = self.func(instance)
                                         ^^^^^^^^^^^^^^^^^^^
  File "/opt/venv/lib/python3.12/site-packages/wagtail/models/specific.py", line 119, in specific_class
    return self.cached_content_type.model_class()
           ^^^^^^^^^^^^^^^^^^^^^^^^
  File "/opt/venv/lib/python3.12/site-packages/wagtail/models/specific.py", line 128, in cached_content_type
    return ContentType.objects.get_for_id(self.content_type_id)
           ^^^^^^^^^^^^^^^^^^^^^^^^^^^^^^^^^^^^^^^^^^^^^^^^^^^^
  File "/opt/venv/lib/python3.12/site-packages/django/contrib/contenttypes/models.py", line 114, in get_for_id
    ct = self.get(pk=id)
         ^^^^^^^^^^^^^^^
  File "/opt/venv/lib/python3.12/site-packages/django/db/models/manager.py", line 87, in manager_method
    return getattr(self.get_queryset(), name)(*args, **kwargs)
           ^^^^^^^^^^^^^^^^^^^^^^^^^^^^^^^^^^^^^^^^^^^^^^^^^^^
  File "/opt/venv/lib/python3.12/site-packages/django/db/models/query.py", line 639, in get
    raise self.model.DoesNotExist(
django.contrib.contenttypes.models.ContentType.DoesNotExist: ContentType matching query does not exist.
[2026-06-02 19:28:51] INFO     django_tasks:47  Task id=BoduHxRkroUUaI0emSl2xkuq9JNnbezE path=modelsearch.tasks.insert_or_update_object_task state=RUNNING
[2026-06-02 19:28:51] ERROR    django_tasks:65  Task id=BoduHxRkroUUaI0emSl2xkuq9JNnbezE path=modelsearch.tasks.insert_or_update_object_task state=FAILED
Traceback (most recent call last):
  File "/opt/venv/lib/python3.12/site-packages/django/contrib/contenttypes/models.py", line 110, in get_for_id
    ct = self._cache[self.db][id]
         ~~~~~~~~~~~~~~~~~~~~^^^^
KeyError: 122

During handling of the above exception, another exception occurred:

Traceback (most recent call last):
  File "/opt/venv/lib/python3.12/site-packages/wagtail/models/pages.py", line 1508, in get_indexed_instance
    return self.specific
           ^^^^^^^^^^^^^
  File "/opt/venv/lib/python3.12/site-packages/django/utils/functional.py", line 47, in __get__
    res = instance.__dict__[self.name] = self.func(instance)
                                         ^^^^^^^^^^^^^^^^^^^
  File "/opt/venv/lib/python3.12/site-packages/wagtail/models/specific.py", line 93, in specific
    return self.get_specific()
           ^^^^^^^^^^^^^^^^^^^
  File "/opt/venv/lib/python3.12/site-packages/wagtail/models/specific.py", line 48, in get_specific
    model_class = self.specific_class
                  ^^^^^^^^^^^^^^^^^^^
  File "/opt/venv/lib/python3.12/site-packages/django/utils/functional.py", line 47, in __get__
    res = instance.__dict__[self.name] = self.func(instance)
                                         ^^^^^^^^^^^^^^^^^^^
  File "/opt/venv/lib/python3.12/site-packages/wagtail/models/specific.py", line 119, in specific_class
    return self.cached_content_type.model_class()
           ^^^^^^^^^^^^^^^^^^^^^^^^
  File "/opt/venv/lib/python3.12/site-packages/wagtail/models/specific.py", line 128, in cached_content_type
    return ContentType.objects.get_for_id(self.content_type_id)
           ^^^^^^^^^^^^^^^^^^^^^^^^^^^^^^^^^^^^^^^^^^^^^^^^^^^^
  File "/opt/venv/lib/python3.12/site-packages/django/contrib/contenttypes/models.py", line 114, in get_for_id
    ct = self.get(pk=id)
         ^^^^^^^^^^^^^^^
  File "/opt/venv/lib/python3.12/site-packages/django/db/models/manager.py", line 87, in manager_method
    return getattr(self.get_queryset(), name)(*args, **kwargs)
           ^^^^^^^^^^^^^^^^^^^^^^^^^^^^^^^^^^^^^^^^^^^^^^^^^^^
  File "/opt/venv/lib/python3.12/site-packages/django/db/models/query.py", line 639, in get
    raise self.model.DoesNotExist(
django.contrib.contenttypes.models.ContentType.DoesNotExist: ContentType matching query does not exist.

During handling of the above exception, another exception occurred:

Traceback (most recent call last):
  File "/opt/venv/lib/python3.12/site-packages/django/contrib/contenttypes/models.py", line 110, in get_for_id
    ct = self._cache[self.db][id]
         ~~~~~~~~~~~~~~~~~~~~^^^^
KeyError: 122

During handling of the above exception, another exception occurred:

Traceback (most recent call last):
  File "/opt/venv/lib/python3.12/site-packages/django_tasks/backends/immediate.py", line 59, in _execute_task
    raw_return_value = task.call(*task_result.args, **task_result.kwargs)
                       ^^^^^^^^^^^^^^^^^^^^^^^^^^^^^^^^^^^^^^^^^^^^^^^^^^
  File "/opt/venv/lib/python3.12/site-packages/django_tasks/base.py", line 166, in call
    return self.func(*args, **kwargs)
           ^^^^^^^^^^^^^^^^^^^^^^^^^^
  File "/opt/venv/lib/python3.12/site-packages/modelsearch/tasks.py", line 10, in insert_or_update_object_task
    index.insert_or_update_object(model.objects.get(pk=pk))
  File "/opt/venv/lib/python3.12/site-packages/modelsearch/index.py", line 175, in insert_or_update_object
    indexed_instance = get_indexed_instance(instance)
                       ^^^^^^^^^^^^^^^^^^^^^^^^^^^^^^
  File "/opt/venv/lib/python3.12/site-packages/modelsearch/index.py", line 157, in get_indexed_instance
    indexed_instance = instance.get_indexed_instance()
                       ^^^^^^^^^^^^^^^^^^^^^^^^^^^^^^^
  File "/opt/venv/lib/python3.12/site-packages/wagtail/models/pages.py", line 1509, in get_indexed_instance
    except self.specific_class.DoesNotExist:
           ^^^^^^^^^^^^^^^^^^^
  File "/opt/venv/lib/python3.12/site-packages/django/utils/functional.py", line 47, in __get__
    res = instance.__dict__[self.name] = self.func(instance)
                                         ^^^^^^^^^^^^^^^^^^^
  File "/opt/venv/lib/python3.12/site-packages/wagtail/models/specific.py", line 119, in specific_class
    return self.cached_content_type.model_class()
           ^^^^^^^^^^^^^^^^^^^^^^^^
  File "/opt/venv/lib/python3.12/site-packages/wagtail/models/specific.py", line 128, in cached_content_type
    return ContentType.objects.get_for_id(self.content_type_id)
           ^^^^^^^^^^^^^^^^^^^^^^^^^^^^^^^^^^^^^^^^^^^^^^^^^^^^
  File "/opt/venv/lib/python3.12/site-packages/django/contrib/contenttypes/models.py", line 114, in get_for_id
    ct = self.get(pk=id)
         ^^^^^^^^^^^^^^^
  File "/opt/venv/lib/python3.12/site-packages/django/db/models/manager.py", line 87, in manager_method
    return getattr(self.get_queryset(), name)(*args, **kwargs)
           ^^^^^^^^^^^^^^^^^^^^^^^^^^^^^^^^^^^^^^^^^^^^^^^^^^^
  File "/opt/venv/lib/python3.12/site-packages/django/db/models/query.py", line 639, in get
    raise self.model.DoesNotExist(
django.contrib.contenttypes.models.ContentType.DoesNotExist: ContentType matching query does not exist.
Traceback (most recent call last):
  File "/opt/venv/lib/python3.12/site-packages/django/db/backends/utils.py", line 103, in _execute
    return self.cursor.execute(sql)
           ^^^^^^^^^^^^^^^^^^^^^^^^
  File "/opt/venv/lib/python3.12/site-packages/psycopg/cursor.py", line 117, in execute
    raise ex.with_traceback(None)
psycopg.errors.ForeignKeyViolation: insert or update on table "wagtailcore_page" violates foreign key constraint "wagtailcore_page_owner_id_fbf7c332_fk_auth_user_id"
DETAIL:  Key (owner_id)=(1) is not present in table "auth_user".

The above exception was the direct cause of the following exception:

Traceback (most recent call last):
  File "/app/manage.py", line 120, in <module>
    main()
  File "/app/manage.py", line 116, in main
    execute_from_command_line(sys.argv)
  File "/opt/venv/lib/python3.12/site-packages/django/core/management/__init__.py", line 443, in execute_from_command_line
    utility.execute()
  File "/opt/venv/lib/python3.12/site-packages/django/core/management/__init__.py", line 437, in execute
    self.fetch_command(subcommand).run_from_argv(self.argv)
  File "/opt/venv/lib/python3.12/site-packages/django/core/management/base.py", line 420, in run_from_argv
    self.execute(*args, **cmd_options)
  File "/opt/venv/lib/python3.12/site-packages/django/core/management/base.py", line 464, in execute
    output = self.handle(*args, **options)
             ^^^^^^^^^^^^^^^^^^^^^^^^^^^^^
  File "/opt/venv/lib/python3.12/site-packages/django/core/management/commands/loaddata.py", line 103, in handle
    self.loaddata(fixture_labels)
  File "/opt/venv/lib/python3.12/site-packages/django/core/management/commands/loaddata.py", line 172, in loaddata
    connection.check_constraints(table_names=table_names)
  File "/opt/venv/lib/python3.12/site-packages/django/db/backends/postgresql/base.py", line 483, in check_constraints
    cursor.execute("SET CONSTRAINTS ALL IMMEDIATE")
  File "/opt/venv/lib/python3.12/site-packages/django/db/backends/utils.py", line 79, in execute
    return self._execute_with_wrappers(
           ^^^^^^^^^^^^^^^^^^^^^^^^^^^^
  File "/opt/venv/lib/python3.12/site-packages/django/db/backends/utils.py", line 92, in _execute_with_wrappers
    return executor(sql, params, many, context)
           ^^^^^^^^^^^^^^^^^^^^^^^^^^^^^^^^^^^^
  File "/opt/venv/lib/python3.12/site-packages/django/db/backends/utils.py", line 100, in _execute
    with self.db.wrap_database_errors:
         ^^^^^^^^^^^^^^^^^^^^^^^^^^^^
  File "/opt/venv/lib/python3.12/site-packages/django/db/utils.py", line 94, in __exit__
    raise dj_exc_value.with_traceback(traceback) from exc_value
  File "/opt/venv/lib/python3.12/site-packages/django/db/backends/utils.py", line 103, in _execute
    return self.cursor.execute(sql)
           ^^^^^^^^^^^^^^^^^^^^^^^^
  File "/opt/venv/lib/python3.12/site-packages/psycopg/cursor.py", line 117, in execute
    raise ex.with_traceback(None)
django.db.utils.IntegrityError: Problem installing fixtures: insert or update on table "wagtailcore_page" violates foreign key constraint "wagtailcore_page_owner_id_fbf7c332_fk_auth_user_id"
DETAIL:  Key (owner_id)=(1) is not present in table "auth_user".
[1;33m⚠️  Issue loading: Base Pages (may already exist or have dependencies)[0m
[0;34m[2026-06-02 19:28:52][0m Loading: Collections
Using site 'ctc-research' (site path: /app/ctc-research)

============================================================
                   🌍 ENVIRONMENT SUMMARY                    
============================================================
│ Environment          : 🚀 production                        │
│ Runtime              : 🐳 docker                            │
│ Module               : 📦 LMS                               │
│ Website              : ctc-research                        │
│ Domain               : ctc-research.com                    │
│ Debug Mode           : ✅ Disabled                          │
│ Production           : ✅ Yes                               │
│ Containerized        : ✅ Yes                               │
============================================================
                  ⚙️ CONFIGURATION STATUS                   
============================================================
│ Server Host          : 0.0.0.0                             │
│ Server Port          : 5070                                │
============================================================

Installed 3 object(s) from 1 fixture(s)
[0;32m✅ Loaded: Collections[0m
[0;34m[2026-06-02 19:28:58][0m Loading: Group Collection Permissions
Using site 'ctc-research' (site path: /app/ctc-research)

============================================================
                   🌍 ENVIRONMENT SUMMARY                    
============================================================
│ Environment          : 🚀 production                        │
│ Runtime              : 🐳 docker                            │
│ Module               : 📦 LMS                               │
│ Website              : ctc-research                        │
│ Domain               : ctc-research.com                    │
│ Debug Mode           : ✅ Disabled                          │
│ Production           : ✅ Yes                               │
│ Containerized        : ✅ Yes                               │
============================================================
                  ⚙️ CONFIGURATION STATUS                   
============================================================
│ Server Host          : 0.0.0.0                             │
│ Server Port          : 5070                                │
============================================================

Installed 12 object(s) from 1 fixture(s)
[0;32m✅ Loaded: Group Collection Permissions[0m
[0;34m[2026-06-02 19:29:03][0m Loading: Group Page Permissions
Using site 'ctc-research' (site path: /app/ctc-research)

============================================================
                   🌍 ENVIRONMENT SUMMARY                    
============================================================
│ Environment          : 🚀 production                        │
│ Runtime              : 🐳 docker                            │
│ Module               : 📦 LMS                               │
│ Website              : ctc-research                        │
│ Domain               : ctc-research.com                    │
│ Debug Mode           : ✅ Disabled                          │
│ Production           : ✅ Yes                               │
│ Containerized        : ✅ Yes                               │
============================================================
                  ⚙️ CONFIGURATION STATUS                   
============================================================
│ Server Host          : 0.0.0.0                             │
│ Server Port          : 5070                                │
============================================================

Traceback (most recent call last):
  File "/opt/venv/lib/python3.12/site-packages/django/db/backends/utils.py", line 105, in _execute
    return self.cursor.execute(sql, params)
           ^^^^^^^^^^^^^^^^^^^^^^^^^^^^^^^^
  File "/opt/venv/lib/python3.12/site-packages/psycopg/cursor.py", line 117, in execute
    raise ex.with_traceback(None)
psycopg.errors.UniqueViolation: duplicate key value violates unique constraint "unique_permission"
DETAIL:  Key (group_id, page_id, permission_id)=(1, 1, 71) already exists.

The above exception was the direct cause of the following exception:

Traceback (most recent call last):
  File "/app/manage.py", line 120, in <module>
    main()
  File "/app/manage.py", line 116, in main
    execute_from_command_line(sys.argv)
  File "/opt/venv/lib/python3.12/site-packages/django/core/management/__init__.py", line 443, in execute_from_command_line
    utility.execute()
  File "/opt/venv/lib/python3.12/site-packages/django/core/management/__init__.py", line 437, in execute
    self.fetch_command(subcommand).run_from_argv(self.argv)
  File "/opt/venv/lib/python3.12/site-packages/django/core/management/base.py", line 420, in run_from_argv
    self.execute(*args, **cmd_options)
  File "/opt/venv/lib/python3.12/site-packages/django/core/management/base.py", line 464, in execute
    output = self.handle(*args, **options)
             ^^^^^^^^^^^^^^^^^^^^^^^^^^^^^
  File "/opt/venv/lib/python3.12/site-packages/django/core/management/commands/loaddata.py", line 103, in handle
    self.loaddata(fixture_labels)
  File "/opt/venv/lib/python3.12/site-packages/django/core/management/commands/loaddata.py", line 164, in loaddata
    self.load_label(fixture_label)
  File "/opt/venv/lib/python3.12/site-packages/django/core/management/commands/loaddata.py", line 254, in load_label
    if self.save_obj(obj):
       ^^^^^^^^^^^^^^^^^^
  File "/opt/venv/lib/python3.12/site-packages/django/core/management/commands/loaddata.py", line 210, in save_obj
    obj.save(using=self.using)
  File "/opt/venv/lib/python3.12/site-packages/django/core/serializers/base.py", line 266, in save
    models.Model.save_base(self.object, using=using, raw=True, **kwargs)
  File "/opt/venv/lib/python3.12/site-packages/django/db/models/base.py", line 966, in save_base
    updated = self._save_table(
              ^^^^^^^^^^^^^^^^^
  File "/opt/venv/lib/python3.12/site-packages/django/db/models/base.py", line 1110, in _save_table
    results = self._do_update(
              ^^^^^^^^^^^^^^^^
  File "/opt/venv/lib/python3.12/site-packages/django/db/models/base.py", line 1213, in _do_update
    return filtered._update(values, returning_fields)
           ^^^^^^^^^^^^^^^^^^^^^^^^^^^^^^^^^^^^^^^^^^
  File "/opt/venv/lib/python3.12/site-packages/django/db/models/query.py", line 1327, in _update
    return query.get_compiler(self.db).execute_returning_sql(returning_fields)
           ^^^^^^^^^^^^^^^^^^^^^^^^^^^^^^^^^^^^^^^^^^^^^^^^^^^^^^^^^^^^^^^^^^^
  File "/opt/venv/lib/python3.12/site-packages/django/db/models/sql/compiler.py", line 2140, in execute_returning_sql
    row_count = self.execute_sql(ROW_COUNT)
                ^^^^^^^^^^^^^^^^^^^^^^^^^^^
  File "/opt/venv/lib/python3.12/site-packages/django/db/models/sql/compiler.py", line 2111, in execute_sql
    row_count = super().execute_sql(result_type)
                ^^^^^^^^^^^^^^^^^^^^^^^^^^^^^^^^
  File "/opt/venv/lib/python3.12/site-packages/django/db/models/sql/compiler.py", line 1624, in execute_sql
    cursor.execute(sql, params)
  File "/opt/venv/lib/python3.12/site-packages/django/db/backends/utils.py", line 79, in execute
    return self._execute_with_wrappers(
           ^^^^^^^^^^^^^^^^^^^^^^^^^^^^
  File "/opt/venv/lib/python3.12/site-packages/django/db/backends/utils.py", line 92, in _execute_with_wrappers
    return executor(sql, params, many, context)
           ^^^^^^^^^^^^^^^^^^^^^^^^^^^^^^^^^^^^
  File "/opt/venv/lib/python3.12/site-packages/django/db/backends/utils.py", line 100, in _execute
    with self.db.wrap_database_errors:
         ^^^^^^^^^^^^^^^^^^^^^^^^^^^^
  File "/opt/venv/lib/python3.12/site-packages/django/db/utils.py", line 94, in __exit__
    raise dj_exc_value.with_traceback(traceback) from exc_value
  File "/opt/venv/lib/python3.12/site-packages/django/db/backends/utils.py", line 105, in _execute
    return self.cursor.execute(sql, params)
           ^^^^^^^^^^^^^^^^^^^^^^^^^^^^^^^^
  File "/opt/venv/lib/python3.12/site-packages/psycopg/cursor.py", line 117, in execute
    raise ex.with_traceback(None)
django.db.utils.IntegrityError: Problem installing fixture '/app/ctc-research/assets/fixtures/by-model/wagtailcore/wagtailcore-grouppagepermission.json': Could not load wagtailcore.GroupPagePermission(pk=2): duplicate key value violates unique constraint "unique_permission"
DETAIL:  Key (group_id, page_id, permission_id)=(1, 1, 71) already exists.
[1;33m⚠️  Issue loading: Group Page Permissions (may already exist or have dependencies)[0m

[0;34m[2026-06-02 19:29:09][0m Step 3/5: Loading images and renditions...
[0;34m[2026-06-02 19:29:09][0m Loading: Images
Using site 'ctc-research' (site path: /app/ctc-research)

============================================================
                   🌍 ENVIRONMENT SUMMARY                    
============================================================
│ Environment          : 🚀 production                        │
│ Runtime              : 🐳 docker                            │
│ Module               : 📦 LMS                               │
│ Website              : ctc-research                        │
│ Domain               : ctc-research.com                    │
│ Debug Mode           : ✅ Disabled                          │
│ Production           : ✅ Yes                               │
│ Containerized        : ✅ Yes                               │
============================================================
                  ⚙️ CONFIGURATION STATUS                   
============================================================
│ Server Host          : 0.0.0.0                             │
│ Server Port          : 5070                                │
============================================================

Traceback (most recent call last):
  File "/opt/venv/lib/python3.12/site-packages/django/db/backends/utils.py", line 105, in _execute
    return self.cursor.execute(sql, params)
           ^^^^^^^^^^^^^^^^^^^^^^^^^^^^^^^^
  File "/opt/venv/lib/python3.12/site-packages/psycopg/cursor.py", line 117, in execute
    raise ex.with_traceback(None)
psycopg.errors.NotNullViolation: null value in column "created_at" of relation "wagtailimages_image" violates not-null constraint
DETAIL:  Failing row contains (1, test, original_images/0823-DashboardDesign-Dan-Social_Jac1k9K.png, 1595, 797, null, null, null, null, null, 1, 48089, 1, 222e1355a218adcb41dc4050004152ac564ab7b5, ).

The above exception was the direct cause of the following exception:

Traceback (most recent call last):
  File "/app/manage.py", line 120, in <module>
    main()
  File "/app/manage.py", line 116, in main
    execute_from_command_line(sys.argv)
  File "/opt/venv/lib/python3.12/site-packages/django/core/management/__init__.py", line 443, in execute_from_command_line
    utility.execute()
  File "/opt/venv/lib/python3.12/site-packages/django/core/management/__init__.py", line 437, in execute
    self.fetch_command(subcommand).run_from_argv(self.argv)
  File "/opt/venv/lib/python3.12/site-packages/django/core/management/base.py", line 420, in run_from_argv
    self.execute(*args, **cmd_options)
  File "/opt/venv/lib/python3.12/site-packages/django/core/management/base.py", line 464, in execute
    output = self.handle(*args, **options)
             ^^^^^^^^^^^^^^^^^^^^^^^^^^^^^
  File "/opt/venv/lib/python3.12/site-packages/django/core/management/commands/loaddata.py", line 103, in handle
    self.loaddata(fixture_labels)
  File "/opt/venv/lib/python3.12/site-packages/django/core/management/commands/loaddata.py", line 164, in loaddata
    self.load_label(fixture_label)
  File "/opt/venv/lib/python3.12/site-packages/django/core/management/commands/loaddata.py", line 254, in load_label
    if self.save_obj(obj):
       ^^^^^^^^^^^^^^^^^^
  File "/opt/venv/lib/python3.12/site-packages/django/core/management/commands/loaddata.py", line 210, in save_obj
    obj.save(using=self.using)
  File "/opt/venv/lib/python3.12/site-packages/django/core/serializers/base.py", line 266, in save
    models.Model.save_base(self.object, using=using, raw=True, **kwargs)
  File "/opt/venv/lib/python3.12/site-packages/django/db/models/base.py", line 966, in save_base
    updated = self._save_table(
              ^^^^^^^^^^^^^^^^^
  File "/opt/venv/lib/python3.12/site-packages/django/db/models/base.py", line 1169, in _save_table
    results = self._do_insert(
              ^^^^^^^^^^^^^^^^
  File "/opt/venv/lib/python3.12/site-packages/django/db/models/base.py", line 1220, in _do_insert
    return manager._insert(
           ^^^^^^^^^^^^^^^^
  File "/opt/venv/lib/python3.12/site-packages/django/db/models/manager.py", line 87, in manager_method
    return getattr(self.get_queryset(), name)(*args, **kwargs)
           ^^^^^^^^^^^^^^^^^^^^^^^^^^^^^^^^^^^^^^^^^^^^^^^^^^^
  File "/opt/venv/lib/python3.12/site-packages/django/db/models/query.py", line 1918, in _insert
    return query.get_compiler(using=using).execute_sql(returning_fields)
           ^^^^^^^^^^^^^^^^^^^^^^^^^^^^^^^^^^^^^^^^^^^^^^^^^^^^^^^^^^^^^
  File "/opt/venv/lib/python3.12/site-packages/django/db/models/sql/compiler.py", line 1925, in execute_sql
    cursor.execute(sql, params)
  File "/opt/venv/lib/python3.12/site-packages/django/db/backends/utils.py", line 79, in execute
    return self._execute_with_wrappers(
           ^^^^^^^^^^^^^^^^^^^^^^^^^^^^
  File "/opt/venv/lib/python3.12/site-packages/django/db/backends/utils.py", line 92, in _execute_with_wrappers
    return executor(sql, params, many, context)
           ^^^^^^^^^^^^^^^^^^^^^^^^^^^^^^^^^^^^
  File "/opt/venv/lib/python3.12/site-packages/django/db/backends/utils.py", line 100, in _execute
    with self.db.wrap_database_errors:
         ^^^^^^^^^^^^^^^^^^^^^^^^^^^^
  File "/opt/venv/lib/python3.12/site-packages/django/db/utils.py", line 94, in __exit__
    raise dj_exc_value.with_traceback(traceback) from exc_value
  File "/opt/venv/lib/python3.12/site-packages/django/db/backends/utils.py", line 105, in _execute
    return self.cursor.execute(sql, params)
           ^^^^^^^^^^^^^^^^^^^^^^^^^^^^^^^^
  File "/opt/venv/lib/python3.12/site-packages/psycopg/cursor.py", line 117, in execute
    raise ex.with_traceback(None)
django.db.utils.IntegrityError: Problem installing fixture '/app/ctc-research/assets/fixtures/by-model/wagtailimages/wagtailimages-image.json': Could not load wagtailimages.Image(pk=1): null value in column "created_at" of relation "wagtailimages_image" violates not-null constraint
DETAIL:  Failing row contains (1, test, original_images/0823-DashboardDesign-Dan-Social_Jac1k9K.png, 1595, 797, null, null, null, null, null, 1, 48089, 1, 222e1355a218adcb41dc4050004152ac564ab7b5, ).
[1;33m⚠️  Issue loading: Images (may already exist or have dependencies)[0m
[0;34m[2026-06-02 19:29:14][0m Loading: Image Renditions
Using site 'ctc-research' (site path: /app/ctc-research)

============================================================
                   🌍 ENVIRONMENT SUMMARY                    
============================================================
│ Environment          : 🚀 production                        │
│ Runtime              : 🐳 docker                            │
│ Module               : 📦 LMS                               │
│ Website              : ctc-research                        │
│ Domain               : ctc-research.com                    │
│ Debug Mode           : ✅ Disabled                          │
│ Production           : ✅ Yes                               │
│ Containerized        : ✅ Yes                               │
============================================================
                  ⚙️ CONFIGURATION STATUS                   
============================================================
│ Server Host          : 0.0.0.0                             │
│ Server Port          : 5070                                │
============================================================

Traceback (most recent call last):
  File "/opt/venv/lib/python3.12/site-packages/django/db/backends/utils.py", line 103, in _execute
    return self.cursor.execute(sql)
           ^^^^^^^^^^^^^^^^^^^^^^^^
  File "/opt/venv/lib/python3.12/site-packages/psycopg/cursor.py", line 117, in execute
    raise ex.with_traceback(None)
psycopg.errors.ForeignKeyViolation: insert or update on table "wagtailimages_rendition" violates foreign key constraint "wagtailimages_rendit_image_id_3e1fd774_fk_wagtailim"
DETAIL:  Key (image_id)=(1) is not present in table "wagtailimages_image".

The above exception was the direct cause of the following exception:

Traceback (most recent call last):
  File "/app/manage.py", line 120, in <module>
    main()
  File "/app/manage.py", line 116, in main
    execute_from_command_line(sys.argv)
  File "/opt/venv/lib/python3.12/site-packages/django/core/management/__init__.py", line 443, in execute_from_command_line
    utility.execute()
  File "/opt/venv/lib/python3.12/site-packages/django/core/management/__init__.py", line 437, in execute
    self.fetch_command(subcommand).run_from_argv(self.argv)
  File "/opt/venv/lib/python3.12/site-packages/django/core/management/base.py", line 420, in run_from_argv
    self.execute(*args, **cmd_options)
  File "/opt/venv/lib/python3.12/site-packages/django/core/management/base.py", line 464, in execute
    output = self.handle(*args, **options)
             ^^^^^^^^^^^^^^^^^^^^^^^^^^^^^
  File "/opt/venv/lib/python3.12/site-packages/django/core/management/commands/loaddata.py", line 103, in handle
    self.loaddata(fixture_labels)
  File "/opt/venv/lib/python3.12/site-packages/django/core/management/commands/loaddata.py", line 172, in loaddata
    connection.check_constraints(table_names=table_names)
  File "/opt/venv/lib/python3.12/site-packages/django/db/backends/postgresql/base.py", line 483, in check_constraints
    cursor.execute("SET CONSTRAINTS ALL IMMEDIATE")
  File "/opt/venv/lib/python3.12/site-packages/django/db/backends/utils.py", line 79, in execute
    return self._execute_with_wrappers(
           ^^^^^^^^^^^^^^^^^^^^^^^^^^^^
  File "/opt/venv/lib/python3.12/site-packages/django/db/backends/utils.py", line 92, in _execute_with_wrappers
    return executor(sql, params, many, context)
           ^^^^^^^^^^^^^^^^^^^^^^^^^^^^^^^^^^^^
  File "/opt/venv/lib/python3.12/site-packages/django/db/backends/utils.py", line 100, in _execute
    with self.db.wrap_database_errors:
         ^^^^^^^^^^^^^^^^^^^^^^^^^^^^
  File "/opt/venv/lib/python3.12/site-packages/django/db/utils.py", line 94, in __exit__
    raise dj_exc_value.with_traceback(traceback) from exc_value
  File "/opt/venv/lib/python3.12/site-packages/django/db/backends/utils.py", line 103, in _execute
    return self.cursor.execute(sql)
           ^^^^^^^^^^^^^^^^^^^^^^^^
  File "/opt/venv/lib/python3.12/site-packages/psycopg/cursor.py", line 117, in execute
    raise ex.with_traceback(None)
django.db.utils.IntegrityError: Problem installing fixtures: insert or update on table "wagtailimages_rendition" violates foreign key constraint "wagtailimages_rendit_image_id_3e1fd774_fk_wagtailim"
DETAIL:  Key (image_id)=(1) is not present in table "wagtailimages_image".
[1;33m⚠️  Issue loading: Image Renditions (may already exist or have dependencies)[0m

[0;34m[2026-06-02 19:29:19][0m Step 4/5: Loading page content...
[0;34m[2026-06-02 19:29:19][0m Loading: Homepage
Using site 'ctc-research' (site path: /app/ctc-research)

============================================================
                   🌍 ENVIRONMENT SUMMARY                    
============================================================
│ Environment          : 🚀 production                        │
│ Runtime              : 🐳 docker                            │
│ Module               : 📦 LMS                               │
│ Website              : ctc-research                        │
│ Domain               : ctc-research.com                    │
│ Debug Mode           : ✅ Disabled                          │
│ Production           : ✅ Yes                               │
│ Containerized        : ✅ Yes                               │
============================================================
                  ⚙️ CONFIGURATION STATUS                   
============================================================
│ Server Host          : 0.0.0.0                             │
│ Server Port          : 5070                                │
============================================================

Traceback (most recent call last):
  File "/opt/venv/lib/python3.12/site-packages/django/apps/registry.py", line 158, in get_app_config
    return self.app_configs[app_label]
           ~~~~~~~~~~~~~~~~^^^^^^^^^^^
KeyError: 'pages'

During handling of the above exception, another exception occurred:

Traceback (most recent call last):
  File "/opt/venv/lib/python3.12/site-packages/django/core/serializers/python.py", line 218, in _get_model_from_node
    return apps.get_model(model_identifier)
           ^^^^^^^^^^^^^^^^^^^^^^^^^^^^^^^^
  File "/opt/venv/lib/python3.12/site-packages/django/apps/registry.py", line 208, in get_model
    app_config = self.get_app_config(app_label)
                 ^^^^^^^^^^^^^^^^^^^^^^^^^^^^^^
  File "/opt/venv/lib/python3.12/site-packages/django/apps/registry.py", line 165, in get_app_config
    raise LookupError(message)
LookupError: No installed app with label 'pages'.

During handling of the above exception, another exception occurred:

Traceback (most recent call last):
  File "/app/manage.py", line 120, in <module>
    main()
  File "/app/manage.py", line 116, in main
    execute_from_command_line(sys.argv)
  File "/opt/venv/lib/python3.12/site-packages/django/core/management/__init__.py", line 443, in execute_from_command_line
    utility.execute()
  File "/opt/venv/lib/python3.12/site-packages/django/core/management/__init__.py", line 437, in execute
    self.fetch_command(subcommand).run_from_argv(self.argv)
  File "/opt/venv/lib/python3.12/site-packages/django/core/management/base.py", line 420, in run_from_argv
    self.execute(*args, **cmd_options)
  File "/opt/venv/lib/python3.12/site-packages/django/core/management/base.py", line 464, in execute
    output = self.handle(*args, **options)
             ^^^^^^^^^^^^^^^^^^^^^^^^^^^^^
  File "/opt/venv/lib/python3.12/site-packages/django/core/management/commands/loaddata.py", line 103, in handle
    self.loaddata(fixture_labels)
  File "/opt/venv/lib/python3.12/site-packages/django/core/management/commands/loaddata.py", line 164, in loaddata
    self.load_label(fixture_label)
  File "/opt/venv/lib/python3.12/site-packages/django/core/management/commands/loaddata.py", line 252, in load_label
    for obj in objects:
               ^^^^^^^
  File "/opt/venv/lib/python3.12/site-packages/django/core/serializers/python.py", line 123, in __iter__
    yield from self._handle_object(obj)
  File "/opt/venv/lib/python3.12/site-packages/django/core/serializers/json.py", line 77, in _handle_object
    yield from super()._handle_object(obj)
  File "/opt/venv/lib/python3.12/site-packages/django/core/serializers/python.py", line 137, in _handle_object
    Model = self._get_model_from_node(obj["model"])
            ^^^^^^^^^^^^^^^^^^^^^^^^^^^^^^^^^^^^^^^
  File "/opt/venv/lib/python3.12/site-packages/django/core/serializers/python.py", line 220, in _get_model_from_node
    raise base.DeserializationError(
django.core.serializers.base.DeserializationError: Problem installing fixture '/app/ctc-research/assets/fixtures/by-model/wagtailcore/pages-homepage.json': Invalid model identifier: pages.homepage
[1;33m⚠️  Issue loading: Homepage (may already exist or have dependencies)[0m
[0;34m[2026-06-02 19:29:25][0m Loading: About Page
Using site 'ctc-research' (site path: /app/ctc-research)

============================================================
                   🌍 ENVIRONMENT SUMMARY                    
============================================================
│ Environment          : 🚀 production                        │
│ Runtime              : 🐳 docker                            │
│ Module               : 📦 LMS                               │
│ Website              : ctc-research                        │
│ Domain               : ctc-research.com                    │
│ Debug Mode           : ✅ Disabled                          │
│ Production           : ✅ Yes                               │
│ Containerized        : ✅ Yes                               │
============================================================
                  ⚙️ CONFIGURATION STATUS                   
============================================================
│ Server Host          : 0.0.0.0                             │
│ Server Port          : 5070                                │
============================================================

Traceback (most recent call last):
  File "/opt/venv/lib/python3.12/site-packages/django/apps/registry.py", line 158, in get_app_config
    return self.app_configs[app_label]
           ~~~~~~~~~~~~~~~~^^^^^^^^^^^
KeyError: 'pages'

During handling of the above exception, another exception occurred:

Traceback (most recent call last):
  File "/opt/venv/lib/python3.12/site-packages/django/core/serializers/python.py", line 218, in _get_model_from_node
    return apps.get_model(model_identifier)
           ^^^^^^^^^^^^^^^^^^^^^^^^^^^^^^^^
  File "/opt/venv/lib/python3.12/site-packages/django/apps/registry.py", line 208, in get_model
    app_config = self.get_app_config(app_label)
                 ^^^^^^^^^^^^^^^^^^^^^^^^^^^^^^
  File "/opt/venv/lib/python3.12/site-packages/django/apps/registry.py", line 165, in get_app_config
    raise LookupError(message)
LookupError: No installed app with label 'pages'.

During handling of the above exception, another exception occurred:

Traceback (most recent call last):
  File "/app/manage.py", line 120, in <module>
    main()
  File "/app/manage.py", line 116, in main
    execute_from_command_line(sys.argv)
  File "/opt/venv/lib/python3.12/site-packages/django/core/management/__init__.py", line 443, in execute_from_command_line
    utility.execute()
  File "/opt/venv/lib/python3.12/site-packages/django/core/management/__init__.py", line 437, in execute
    self.fetch_command(subcommand).run_from_argv(self.argv)
  File "/opt/venv/lib/python3.12/site-packages/django/core/management/base.py", line 420, in run_from_argv
    self.execute(*args, **cmd_options)
  File "/opt/venv/lib/python3.12/site-packages/django/core/management/base.py", line 464, in execute
    output = self.handle(*args, **options)
             ^^^^^^^^^^^^^^^^^^^^^^^^^^^^^
  File "/opt/venv/lib/python3.12/site-packages/django/core/management/commands/loaddata.py", line 103, in handle
    self.loaddata(fixture_labels)
  File "/opt/venv/lib/python3.12/site-packages/django/core/management/commands/loaddata.py", line 164, in loaddata
    self.load_label(fixture_label)
  File "/opt/venv/lib/python3.12/site-packages/django/core/management/commands/loaddata.py", line 252, in load_label
    for obj in objects:
               ^^^^^^^
  File "/opt/venv/lib/python3.12/site-packages/django/core/serializers/python.py", line 123, in __iter__
    yield from self._handle_object(obj)
  File "/opt/venv/lib/python3.12/site-packages/django/core/serializers/json.py", line 77, in _handle_object
    yield from super()._handle_object(obj)
  File "/opt/venv/lib/python3.12/site-packages/django/core/serializers/python.py", line 137, in _handle_object
    Model = self._get_model_from_node(obj["model"])
            ^^^^^^^^^^^^^^^^^^^^^^^^^^^^^^^^^^^^^^^
  File "/opt/venv/lib/python3.12/site-packages/django/core/serializers/python.py", line 220, in _get_model_from_node
    raise base.DeserializationError(
django.core.serializers.base.DeserializationError: Problem installing fixture '/app/ctc-research/assets/fixtures/by-model/wagtailcore/pages-aboutpage.json': Invalid model identifier: pages.aboutpage
[1;33m⚠️  Issue loading: About Page (may already exist or have dependencies)[0m
[0;34m[2026-06-02 19:29:30][0m Loading: Contact Page
Using site 'ctc-research' (site path: /app/ctc-research)

============================================================
                   🌍 ENVIRONMENT SUMMARY                    
============================================================
│ Environment          : 🚀 production                        │
│ Runtime              : 🐳 docker                            │
│ Module               : 📦 LMS                               │
│ Website              : ctc-research                        │
│ Domain               : ctc-research.com                    │
│ Debug Mode           : ✅ Disabled                          │
│ Production           : ✅ Yes                               │
│ Containerized        : ✅ Yes                               │
============================================================
                  ⚙️ CONFIGURATION STATUS                   
============================================================
│ Server Host          : 0.0.0.0                             │
│ Server Port          : 5070                                │
============================================================

Traceback (most recent call last):
  File "/opt/venv/lib/python3.12/site-packages/django/apps/registry.py", line 158, in get_app_config
    return self.app_configs[app_label]
           ~~~~~~~~~~~~~~~~^^^^^^^^^^^
KeyError: 'pages'

During handling of the above exception, another exception occurred:

Traceback (most recent call last):
  File "/opt/venv/lib/python3.12/site-packages/django/core/serializers/python.py", line 218, in _get_model_from_node
    return apps.get_model(model_identifier)
           ^^^^^^^^^^^^^^^^^^^^^^^^^^^^^^^^
  File "/opt/venv/lib/python3.12/site-packages/django/apps/registry.py", line 208, in get_model
    app_config = self.get_app_config(app_label)
                 ^^^^^^^^^^^^^^^^^^^^^^^^^^^^^^
  File "/opt/venv/lib/python3.12/site-packages/django/apps/registry.py", line 165, in get_app_config
    raise LookupError(message)
LookupError: No installed app with label 'pages'.

During handling of the above exception, another exception occurred:

Traceback (most recent call last):
  File "/app/manage.py", line 120, in <module>
    main()
  File "/app/manage.py", line 116, in main
    execute_from_command_line(sys.argv)
  File "/opt/venv/lib/python3.12/site-packages/django/core/management/__init__.py", line 443, in execute_from_command_line
    utility.execute()
  File "/opt/venv/lib/python3.12/site-packages/django/core/management/__init__.py", line 437, in execute
    self.fetch_command(subcommand).run_from_argv(self.argv)
  File "/opt/venv/lib/python3.12/site-packages/django/core/management/base.py", line 420, in run_from_argv
    self.execute(*args, **cmd_options)
  File "/opt/venv/lib/python3.12/site-packages/django/core/management/base.py", line 464, in execute
    output = self.handle(*args, **options)
             ^^^^^^^^^^^^^^^^^^^^^^^^^^^^^
  File "/opt/venv/lib/python3.12/site-packages/django/core/management/commands/loaddata.py", line 103, in handle
    self.loaddata(fixture_labels)
  File "/opt/venv/lib/python3.12/site-packages/django/core/management/commands/loaddata.py", line 164, in loaddata
    self.load_label(fixture_label)
  File "/opt/venv/lib/python3.12/site-packages/django/core/management/commands/loaddata.py", line 252, in load_label
    for obj in objects:
               ^^^^^^^
  File "/opt/venv/lib/python3.12/site-packages/django/core/serializers/python.py", line 123, in __iter__
    yield from self._handle_object(obj)
  File "/opt/venv/lib/python3.12/site-packages/django/core/serializers/json.py", line 77, in _handle_object
    yield from super()._handle_object(obj)
  File "/opt/venv/lib/python3.12/site-packages/django/core/serializers/python.py", line 137, in _handle_object
    Model = self._get_model_from_node(obj["model"])
            ^^^^^^^^^^^^^^^^^^^^^^^^^^^^^^^^^^^^^^^
  File "/opt/venv/lib/python3.12/site-packages/django/core/serializers/python.py", line 220, in _get_model_from_node
    raise base.DeserializationError(
django.core.serializers.base.DeserializationError: Problem installing fixture '/app/ctc-research/assets/fixtures/by-model/wagtailcore/pages-contactpage.json': Invalid model identifier: pages.contactpage
[1;33m⚠️  Issue loading: Contact Page (may already exist or have dependencies)[0m
[0;34m[2026-06-02 19:29:35][0m Loading: Team Page
Using site 'ctc-research' (site path: /app/ctc-research)

============================================================
                   🌍 ENVIRONMENT SUMMARY                    
============================================================
│ Environment          : 🚀 production                        │
│ Runtime              : 🐳 docker                            │
│ Module               : 📦 LMS                               │
│ Website              : ctc-research                        │
│ Domain               : ctc-research.com                    │
│ Debug Mode           : ✅ Disabled                          │
│ Production           : ✅ Yes                               │
│ Containerized        : ✅ Yes                               │
============================================================
                  ⚙️ CONFIGURATION STATUS                   
============================================================
│ Server Host          : 0.0.0.0                             │
│ Server Port          : 5070                                │
============================================================

Traceback (most recent call last):
  File "/opt/venv/lib/python3.12/site-packages/django/apps/registry.py", line 158, in get_app_config
    return self.app_configs[app_label]
           ~~~~~~~~~~~~~~~~^^^^^^^^^^^
KeyError: 'pages'

During handling of the above exception, another exception occurred:

Traceback (most recent call last):
  File "/opt/venv/lib/python3.12/site-packages/django/core/serializers/python.py", line 218, in _get_model_from_node
    return apps.get_model(model_identifier)
           ^^^^^^^^^^^^^^^^^^^^^^^^^^^^^^^^
  File "/opt/venv/lib/python3.12/site-packages/django/apps/registry.py", line 208, in get_model
    app_config = self.get_app_config(app_label)
                 ^^^^^^^^^^^^^^^^^^^^^^^^^^^^^^
  File "/opt/venv/lib/python3.12/site-packages/django/apps/registry.py", line 165, in get_app_config
    raise LookupError(message)
LookupError: No installed app with label 'pages'.

During handling of the above exception, another exception occurred:

Traceback (most recent call last):
  File "/app/manage.py", line 120, in <module>
    main()
  File "/app/manage.py", line 116, in main
    execute_from_command_line(sys.argv)
  File "/opt/venv/lib/python3.12/site-packages/django/core/management/__init__.py", line 443, in execute_from_command_line
    utility.execute()
  File "/opt/venv/lib/python3.12/site-packages/django/core/management/__init__.py", line 437, in execute
    self.fetch_command(subcommand).run_from_argv(self.argv)
  File "/opt/venv/lib/python3.12/site-packages/django/core/management/base.py", line 420, in run_from_argv
    self.execute(*args, **cmd_options)
  File "/opt/venv/lib/python3.12/site-packages/django/core/management/base.py", line 464, in execute
    output = self.handle(*args, **options)
             ^^^^^^^^^^^^^^^^^^^^^^^^^^^^^
  File "/opt/venv/lib/python3.12/site-packages/django/core/management/commands/loaddata.py", line 103, in handle
    self.loaddata(fixture_labels)
  File "/opt/venv/lib/python3.12/site-packages/django/core/management/commands/loaddata.py", line 164, in loaddata
    self.load_label(fixture_label)
  File "/opt/venv/lib/python3.12/site-packages/django/core/management/commands/loaddata.py", line 252, in load_label
    for obj in objects:
               ^^^^^^^
  File "/opt/venv/lib/python3.12/site-packages/django/core/serializers/python.py", line 123, in __iter__
    yield from self._handle_object(obj)
  File "/opt/venv/lib/python3.12/site-packages/django/core/serializers/json.py", line 77, in _handle_object
    yield from super()._handle_object(obj)
  File "/opt/venv/lib/python3.12/site-packages/django/core/serializers/python.py", line 137, in _handle_object
    Model = self._get_model_from_node(obj["model"])
            ^^^^^^^^^^^^^^^^^^^^^^^^^^^^^^^^^^^^^^^
  File "/opt/venv/lib/python3.12/site-packages/django/core/serializers/python.py", line 220, in _get_model_from_node
    raise base.DeserializationError(
django.core.serializers.base.DeserializationError: Problem installing fixture '/app/ctc-research/assets/fixtures/by-model/wagtailcore/pages-teampage.json': Invalid model identifier: pages.teampage
[1;33m⚠️  Issue loading: Team Page (may already exist or have dependencies)[0m
[0;34m[2026-06-02 19:29:40][0m Loading: Courses Page
Using site 'ctc-research' (site path: /app/ctc-research)

============================================================
                   🌍 ENVIRONMENT SUMMARY                    
============================================================
│ Environment          : 🚀 production                        │
│ Runtime              : 🐳 docker                            │
│ Module               : 📦 LMS                               │
│ Website              : ctc-research                        │
│ Domain               : ctc-research.com                    │
│ Debug Mode           : ✅ Disabled                          │
│ Production           : ✅ Yes                               │
│ Containerized        : ✅ Yes                               │
============================================================
                  ⚙️ CONFIGURATION STATUS                   
============================================================
│ Server Host          : 0.0.0.0                             │
│ Server Port          : 5070                                │
============================================================

Traceback (most recent call last):
  File "/opt/venv/lib/python3.12/site-packages/django/apps/registry.py", line 158, in get_app_config
    return self.app_configs[app_label]
           ~~~~~~~~~~~~~~~~^^^^^^^^^^^
KeyError: 'lms'

During handling of the above exception, another exception occurred:

Traceback (most recent call last):
  File "/opt/venv/lib/python3.12/site-packages/django/core/serializers/python.py", line 218, in _get_model_from_node
    return apps.get_model(model_identifier)
           ^^^^^^^^^^^^^^^^^^^^^^^^^^^^^^^^
  File "/opt/venv/lib/python3.12/site-packages/django/apps/registry.py", line 208, in get_model
    app_config = self.get_app_config(app_label)
                 ^^^^^^^^^^^^^^^^^^^^^^^^^^^^^^
  File "/opt/venv/lib/python3.12/site-packages/django/apps/registry.py", line 165, in get_app_config
    raise LookupError(message)
LookupError: No installed app with label 'lms'.

During handling of the above exception, another exception occurred:

Traceback (most recent call last):
  File "/app/manage.py", line 120, in <module>
    main()
  File "/app/manage.py", line 116, in main
    execute_from_command_line(sys.argv)
  File "/opt/venv/lib/python3.12/site-packages/django/core/management/__init__.py", line 443, in execute_from_command_line
    utility.execute()
  File "/opt/venv/lib/python3.12/site-packages/django/core/management/__init__.py", line 437, in execute
    self.fetch_command(subcommand).run_from_argv(self.argv)
  File "/opt/venv/lib/python3.12/site-packages/django/core/management/base.py", line 420, in run_from_argv
    self.execute(*args, **cmd_options)
  File "/opt/venv/lib/python3.12/site-packages/django/core/management/base.py", line 464, in execute
    output = self.handle(*args, **options)
             ^^^^^^^^^^^^^^^^^^^^^^^^^^^^^
  File "/opt/venv/lib/python3.12/site-packages/django/core/management/commands/loaddata.py", line 103, in handle
    self.loaddata(fixture_labels)
  File "/opt/venv/lib/python3.12/site-packages/django/core/management/commands/loaddata.py", line 164, in loaddata
    self.load_label(fixture_label)
  File "/opt/venv/lib/python3.12/site-packages/django/core/management/commands/loaddata.py", line 252, in load_label
    for obj in objects:
               ^^^^^^^
  File "/opt/venv/lib/python3.12/site-packages/django/core/serializers/python.py", line 123, in __iter__
    yield from self._handle_object(obj)
  File "/opt/venv/lib/python3.12/site-packages/django/core/serializers/json.py", line 77, in _handle_object
    yield from super()._handle_object(obj)
  File "/opt/venv/lib/python3.12/site-packages/django/core/serializers/python.py", line 137, in _handle_object
    Model = self._get_model_from_node(obj["model"])
            ^^^^^^^^^^^^^^^^^^^^^^^^^^^^^^^^^^^^^^^
  File "/opt/venv/lib/python3.12/site-packages/django/core/serializers/python.py", line 220, in _get_model_from_node
    raise base.DeserializationError(
django.core.serializers.base.DeserializationError: Problem installing fixture '/app/ctc-research/assets/fixtures/by-model/wagtailcore/lms-coursespage.json': Invalid model identifier: lms.coursespage
[1;33m⚠️  Issue loading: Courses Page (may already exist or have dependencies)[0m

[0;34m[2026-06-02 19:29:44][0m Step 5/5: Loading workflows and metadata...
[0;34m[2026-06-02 19:29:44][0m Loading: Workflows
Using site 'ctc-research' (site path: /app/ctc-research)

============================================================
                   🌍 ENVIRONMENT SUMMARY                    
============================================================
│ Environment          : 🚀 production                        │
│ Runtime              : 🐳 docker                            │
│ Module               : 📦 LMS                               │
│ Website              : ctc-research                        │
│ Domain               : ctc-research.com                    │
│ Debug Mode           : ✅ Disabled                          │
│ Production           : ✅ Yes                               │
│ Containerized        : ✅ Yes                               │
============================================================
                  ⚙️ CONFIGURATION STATUS                   
============================================================
│ Server Host          : 0.0.0.0                             │
│ Server Port          : 5070                                │
============================================================

Installed 1 object(s) from 1 fixture(s)
[0;32m✅ Loaded: Workflows[0m
[0;34m[2026-06-02 19:29:49][0m Loading: Workflow Pages
Using site 'ctc-research' (site path: /app/ctc-research)

============================================================
                   🌍 ENVIRONMENT SUMMARY                    
============================================================
│ Environment          : 🚀 production                        │
│ Runtime              : 🐳 docker                            │
│ Module               : 📦 LMS                               │
│ Website              : ctc-research                        │
│ Domain               : ctc-research.com                    │
│ Debug Mode           : ✅ Disabled                          │
│ Production           : ✅ Yes                               │
│ Containerized        : ✅ Yes                               │
============================================================
                  ⚙️ CONFIGURATION STATUS                   
============================================================
│ Server Host          : 0.0.0.0                             │
│ Server Port          : 5070                                │
============================================================

Installed 1 object(s) from 1 fixture(s)
[0;32m✅ Loaded: Workflow Pages[0m
[0;34m[2026-06-02 19:29:53][0m Loading: Workflow Tasks
Using site 'ctc-research' (site path: /app/ctc-research)

============================================================
                   🌍 ENVIRONMENT SUMMARY                    
============================================================
│ Environment          : 🚀 production                        │
│ Runtime              : 🐳 docker                            │
│ Module               : 📦 LMS                               │
│ Website              : ctc-research                        │
│ Domain               : ctc-research.com                    │
│ Debug Mode           : ✅ Disabled                          │
│ Production           : ✅ Yes                               │
│ Containerized        : ✅ Yes                               │
============================================================
                  ⚙️ CONFIGURATION STATUS                   
============================================================
│ Server Host          : 0.0.0.0                             │
│ Server Port          : 5070                                │
============================================================

Installed 1 object(s) from 1 fixture(s)
[0;32m✅ Loaded: Workflow Tasks[0m
[0;34m[2026-06-02 19:29:58][0m Loading: Group Approval Tasks
Using site 'ctc-research' (site path: /app/ctc-research)

============================================================
                   🌍 ENVIRONMENT SUMMARY                    
============================================================
│ Environment          : 🚀 production                        │
│ Runtime              : 🐳 docker                            │
│ Module               : 📦 LMS                               │
│ Website              : ctc-research                        │
│ Domain               : ctc-research.com                    │
│ Debug Mode           : ✅ Disabled                          │
│ Production           : ✅ Yes                               │
│ Containerized        : ✅ Yes                               │
============================================================
                  ⚙️ CONFIGURATION STATUS                   
============================================================
│ Server Host          : 0.0.0.0                             │
│ Server Port          : 5070                                │
============================================================

Installed 1 object(s) from 1 fixture(s)
[0;32m✅ Loaded: Group Approval Tasks[0m
[0;34m[2026-06-02 19:30:05][0m Loading: Tasks
Using site 'ctc-research' (site path: /app/ctc-research)

============================================================
                   🌍 ENVIRONMENT SUMMARY                    
============================================================
│ Environment          : 🚀 production                        │
│ Runtime              : 🐳 docker                            │
│ Module               : 📦 LMS                               │
│ Website              : ctc-research                        │
│ Domain               : ctc-research.com                    │
│ Debug Mode           : ✅ Disabled                          │
│ Production           : ✅ Yes                               │
│ Containerized        : ✅ Yes                               │
============================================================
                  ⚙️ CONFIGURATION STATUS                   
============================================================
│ Server Host          : 0.0.0.0                             │
│ Server Port          : 5070                                │
============================================================

Installed 1 object(s) from 1 fixture(s)
[0;32m✅ Loaded: Tasks[0m
[0;34m[2026-06-02 19:30:10][0m Loading: Page Log Entries
Using site 'ctc-research' (site path: /app/ctc-research)

============================================================
                   🌍 ENVIRONMENT SUMMARY                    
============================================================
│ Environment          : 🚀 production                        │
│ Runtime              : 🐳 docker                            │
│ Module               : 📦 LMS                               │
│ Website              : ctc-research                        │
│ Domain               : ctc-research.com                    │
│ Debug Mode           : ✅ Disabled                          │
│ Production           : ✅ Yes                               │
│ Containerized        : ✅ Yes                               │
============================================================
                  ⚙️ CONFIGURATION STATUS                   
============================================================
│ Server Host          : 0.0.0.0                             │
│ Server Port          : 5070                                │
============================================================

Traceback (most recent call last):
  File "/opt/venv/lib/python3.12/site-packages/django/db/backends/utils.py", line 103, in _execute
    return self.cursor.execute(sql)
           ^^^^^^^^^^^^^^^^^^^^^^^^
  File "/opt/venv/lib/python3.12/site-packages/psycopg/cursor.py", line 117, in execute
    raise ex.with_traceback(None)
psycopg.errors.ForeignKeyViolation: insert or update on table "wagtailcore_pagelogentry" violates foreign key constraint "wagtailcore_pageloge_content_type_id_74e7708a_fk_django_co"
DETAIL:  Key (content_type_id)=(95) is not present in table "django_content_type".

The above exception was the direct cause of the following exception:

Traceback (most recent call last):
  File "/app/manage.py", line 120, in <module>
    main()
  File "/app/manage.py", line 116, in main
    execute_from_command_line(sys.argv)
  File "/opt/venv/lib/python3.12/site-packages/django/core/management/__init__.py", line 443, in execute_from_command_line
    utility.execute()
  File "/opt/venv/lib/python3.12/site-packages/django/core/management/__init__.py", line 437, in execute
    self.fetch_command(subcommand).run_from_argv(self.argv)
  File "/opt/venv/lib/python3.12/site-packages/django/core/management/base.py", line 420, in run_from_argv
    self.execute(*args, **cmd_options)
  File "/opt/venv/lib/python3.12/site-packages/django/core/management/base.py", line 464, in execute
    output = self.handle(*args, **options)
             ^^^^^^^^^^^^^^^^^^^^^^^^^^^^^
  File "/opt/venv/lib/python3.12/site-packages/django/core/management/commands/loaddata.py", line 103, in handle
    self.loaddata(fixture_labels)
  File "/opt/venv/lib/python3.12/site-packages/django/core/management/commands/loaddata.py", line 172, in loaddata
    connection.check_constraints(table_names=table_names)
  File "/opt/venv/lib/python3.12/site-packages/django/db/backends/postgresql/base.py", line 483, in check_constraints
    cursor.execute("SET CONSTRAINTS ALL IMMEDIATE")
  File "/opt/venv/lib/python3.12/site-packages/django/db/backends/utils.py", line 79, in execute
    return self._execute_with_wrappers(
           ^^^^^^^^^^^^^^^^^^^^^^^^^^^^
  File "/opt/venv/lib/python3.12/site-packages/django/db/backends/utils.py", line 92, in _execute_with_wrappers
    return executor(sql, params, many, context)
           ^^^^^^^^^^^^^^^^^^^^^^^^^^^^^^^^^^^^
  File "/opt/venv/lib/python3.12/site-packages/django/db/backends/utils.py", line 100, in _execute
    with self.db.wrap_database_errors:
         ^^^^^^^^^^^^^^^^^^^^^^^^^^^^
  File "/opt/venv/lib/python3.12/site-packages/django/db/utils.py", line 94, in __exit__
    raise dj_exc_value.with_traceback(traceback) from exc_value
  File "/opt/venv/lib/python3.12/site-packages/django/db/backends/utils.py", line 103, in _execute
    return self.cursor.execute(sql)
           ^^^^^^^^^^^^^^^^^^^^^^^^
  File "/opt/venv/lib/python3.12/site-packages/psycopg/cursor.py", line 117, in execute
    raise ex.with_traceback(None)
django.db.utils.IntegrityError: Problem installing fixtures: insert or update on table "wagtailcore_pagelogentry" violates foreign key constraint "wagtailcore_pageloge_content_type_id_74e7708a_fk_django_co"
DETAIL:  Key (content_type_id)=(95) is not present in table "django_content_type".
[1;33m⚠️  Issue loading: Page Log Entries (may already exist or have dependencies)[0m
[0;34m[2026-06-02 19:30:17][0m Loading: Model Log Entries
Using site 'ctc-research' (site path: /app/ctc-research)

============================================================
                   🌍 ENVIRONMENT SUMMARY                    
============================================================
│ Environment          : 🚀 production                        │
│ Runtime              : 🐳 docker                            │
│ Module               : 📦 LMS                               │
│ Website              : ctc-research                        │
│ Domain               : ctc-research.com                    │
│ Debug Mode           : ✅ Disabled                          │
│ Production           : ✅ Yes                               │
│ Containerized        : ✅ Yes                               │
============================================================
                  ⚙️ CONFIGURATION STATUS                   
============================================================
│ Server Host          : 0.0.0.0                             │
│ Server Port          : 5070                                │
============================================================

Traceback (most recent call last):
  File "/opt/venv/lib/python3.12/site-packages/django/db/backends/utils.py", line 103, in _execute
    return self.cursor.execute(sql)
           ^^^^^^^^^^^^^^^^^^^^^^^^
  File "/opt/venv/lib/python3.12/site-packages/psycopg/cursor.py", line 117, in execute
    raise ex.with_traceback(None)
psycopg.errors.ForeignKeyViolation: insert or update on table "wagtailcore_modellogentry" violates foreign key constraint "wagtailcore_modellog_content_type_id_68849e77_fk_django_co"
DETAIL:  Key (content_type_id)=(64) is not present in table "django_content_type".

The above exception was the direct cause of the following exception:

Traceback (most recent call last):
  File "/app/manage.py", line 120, in <module>
    main()
  File "/app/manage.py", line 116, in main
    execute_from_command_line(sys.argv)
  File "/opt/venv/lib/python3.12/site-packages/django/core/management/__init__.py", line 443, in execute_from_command_line
    utility.execute()
  File "/opt/venv/lib/python3.12/site-packages/django/core/management/__init__.py", line 437, in execute
    self.fetch_command(subcommand).run_from_argv(self.argv)
  File "/opt/venv/lib/python3.12/site-packages/django/core/management/base.py", line 420, in run_from_argv
    self.execute(*args, **cmd_options)
  File "/opt/venv/lib/python3.12/site-packages/django/core/management/base.py", line 464, in execute
    output = self.handle(*args, **options)
             ^^^^^^^^^^^^^^^^^^^^^^^^^^^^^
  File "/opt/venv/lib/python3.12/site-packages/django/core/management/commands/loaddata.py", line 103, in handle
    self.loaddata(fixture_labels)
  File "/opt/venv/lib/python3.12/site-packages/django/core/management/commands/loaddata.py", line 172, in loaddata
    connection.check_constraints(table_names=table_names)
  File "/opt/venv/lib/python3.12/site-packages/django/db/backends/postgresql/base.py", line 483, in check_constraints
    cursor.execute("SET CONSTRAINTS ALL IMMEDIATE")
  File "/opt/venv/lib/python3.12/site-packages/django/db/backends/utils.py", line 79, in execute
    return self._execute_with_wrappers(
           ^^^^^^^^^^^^^^^^^^^^^^^^^^^^
  File "/opt/venv/lib/python3.12/site-packages/django/db/backends/utils.py", line 92, in _execute_with_wrappers
    return executor(sql, params, many, context)
           ^^^^^^^^^^^^^^^^^^^^^^^^^^^^^^^^^^^^
  File "/opt/venv/lib/python3.12/site-packages/django/db/backends/utils.py", line 100, in _execute
    with self.db.wrap_database_errors:
         ^^^^^^^^^^^^^^^^^^^^^^^^^^^^
  File "/opt/venv/lib/python3.12/site-packages/django/db/utils.py", line 94, in __exit__
    raise dj_exc_value.with_traceback(traceback) from exc_value
  File "/opt/venv/lib/python3.12/site-packages/django/db/backends/utils.py", line 103, in _execute
    return self.cursor.execute(sql)
           ^^^^^^^^^^^^^^^^^^^^^^^^
  File "/opt/venv/lib/python3.12/site-packages/psycopg/cursor.py", line 117, in execute
    raise ex.with_traceback(None)
django.db.utils.IntegrityError: Problem installing fixtures: insert or update on table "wagtailcore_modellogentry" violates foreign key constraint "wagtailcore_modellog_content_type_id_68849e77_fk_django_co"
DETAIL:  Key (content_type_id)=(64) is not present in table "django_content_type".
[1;33m⚠️  Issue loading: Model Log Entries (may already exist or have dependencies)[0m
[0;34m[2026-06-02 19:30:23][0m Loading: Revisions
Using site 'ctc-research' (site path: /app/ctc-research)

============================================================
                   🌍 ENVIRONMENT SUMMARY                    
============================================================
│ Environment          : 🚀 production                        │
│ Runtime              : 🐳 docker                            │
│ Module               : 📦 LMS                               │
│ Website              : ctc-research                        │
│ Domain               : ctc-research.com                    │
│ Debug Mode           : ✅ Disabled                          │
│ Production           : ✅ Yes                               │
│ Containerized        : ✅ Yes                               │
============================================================
                  ⚙️ CONFIGURATION STATUS                   
============================================================
│ Server Host          : 0.0.0.0                             │
│ Server Port          : 5070                                │
============================================================

Traceback (most recent call last):
  File "/opt/venv/lib/python3.12/site-packages/django/db/backends/utils.py", line 105, in _execute
    return self.cursor.execute(sql, params)
           ^^^^^^^^^^^^^^^^^^^^^^^^^^^^^^^^
  File "/opt/venv/lib/python3.12/site-packages/psycopg/cursor.py", line 117, in execute
    raise ex.with_traceback(None)
psycopg.errors.NotNullViolation: null value in column "created_at" of relation "wagtailcore_revision" violates not-null constraint
DETAIL:  Failing row contains (1, null, {"pk": 3, "CTA": "[]", "head": "[{\"type\": \"slider\", \"value\..., null, 3, 1, 31, 1, Home Page).

The above exception was the direct cause of the following exception:

Traceback (most recent call last):
  File "/app/manage.py", line 120, in <module>
    main()
  File "/app/manage.py", line 116, in main
    execute_from_command_line(sys.argv)
  File "/opt/venv/lib/python3.12/site-packages/django/core/management/__init__.py", line 443, in execute_from_command_line
    utility.execute()
  File "/opt/venv/lib/python3.12/site-packages/django/core/management/__init__.py", line 437, in execute
    self.fetch_command(subcommand).run_from_argv(self.argv)
  File "/opt/venv/lib/python3.12/site-packages/django/core/management/base.py", line 420, in run_from_argv
    self.execute(*args, **cmd_options)
  File "/opt/venv/lib/python3.12/site-packages/django/core/management/base.py", line 464, in execute
    output = self.handle(*args, **options)
             ^^^^^^^^^^^^^^^^^^^^^^^^^^^^^
  File "/opt/venv/lib/python3.12/site-packages/django/core/management/commands/loaddata.py", line 103, in handle
    self.loaddata(fixture_labels)
  File "/opt/venv/lib/python3.12/site-packages/django/core/management/commands/loaddata.py", line 164, in loaddata
    self.load_label(fixture_label)
  File "/opt/venv/lib/python3.12/site-packages/django/core/management/commands/loaddata.py", line 254, in load_label
    if self.save_obj(obj):
       ^^^^^^^^^^^^^^^^^^
  File "/opt/venv/lib/python3.12/site-packages/django/core/management/commands/loaddata.py", line 210, in save_obj
    obj.save(using=self.using)
  File "/opt/venv/lib/python3.12/site-packages/django/core/serializers/base.py", line 266, in save
    models.Model.save_base(self.object, using=using, raw=True, **kwargs)
  File "/opt/venv/lib/python3.12/site-packages/django/db/models/base.py", line 966, in save_base
    updated = self._save_table(
              ^^^^^^^^^^^^^^^^^
  File "/opt/venv/lib/python3.12/site-packages/django/db/models/base.py", line 1169, in _save_table
    results = self._do_insert(
              ^^^^^^^^^^^^^^^^
  File "/opt/venv/lib/python3.12/site-packages/django/db/models/base.py", line 1220, in _do_insert
    return manager._insert(
           ^^^^^^^^^^^^^^^^
  File "/opt/venv/lib/python3.12/site-packages/django/db/models/manager.py", line 87, in manager_method
    return getattr(self.get_queryset(), name)(*args, **kwargs)
           ^^^^^^^^^^^^^^^^^^^^^^^^^^^^^^^^^^^^^^^^^^^^^^^^^^^
  File "/opt/venv/lib/python3.12/site-packages/django/db/models/query.py", line 1918, in _insert
    return query.get_compiler(using=using).execute_sql(returning_fields)
           ^^^^^^^^^^^^^^^^^^^^^^^^^^^^^^^^^^^^^^^^^^^^^^^^^^^^^^^^^^^^^
  File "/opt/venv/lib/python3.12/site-packages/django/db/models/sql/compiler.py", line 1925, in execute_sql
    cursor.execute(sql, params)
  File "/opt/venv/lib/python3.12/site-packages/django/db/backends/utils.py", line 79, in execute
    return self._execute_with_wrappers(
           ^^^^^^^^^^^^^^^^^^^^^^^^^^^^
  File "/opt/venv/lib/python3.12/site-packages/django/db/backends/utils.py", line 92, in _execute_with_wrappers
    return executor(sql, params, many, context)
           ^^^^^^^^^^^^^^^^^^^^^^^^^^^^^^^^^^^^
  File "/opt/venv/lib/python3.12/site-packages/django/db/backends/utils.py", line 100, in _execute
    with self.db.wrap_database_errors:
         ^^^^^^^^^^^^^^^^^^^^^^^^^^^^
  File "/opt/venv/lib/python3.12/site-packages/django/db/utils.py", line 94, in __exit__
    raise dj_exc_value.with_traceback(traceback) from exc_value
  File "/opt/venv/lib/python3.12/site-packages/django/db/backends/utils.py", line 105, in _execute
    return self.cursor.execute(sql, params)
           ^^^^^^^^^^^^^^^^^^^^^^^^^^^^^^^^
  File "/opt/venv/lib/python3.12/site-packages/psycopg/cursor.py", line 117, in execute
    raise ex.with_traceback(None)
django.db.utils.IntegrityError: Problem installing fixture '/app/ctc-research/assets/fixtures/by-model/wagtailcore/wagtailcore-revision.json': Could not load wagtailcore.Revision(pk=1): null value in column "created_at" of relation "wagtailcore_revision" violates not-null constraint
DETAIL:  Failing row contains (1, null, {"pk": 3, "CTA": "[]", "head": "[{\"type\": \"slider\", \"value\..., null, 3, 1, 31, 1, Home Page).
[1;33m⚠️  Issue loading: Revisions (may already exist or have dependencies)[0m
[0;34m[2026-06-02 19:30:28][0m Loading: Reference Index
Using site 'ctc-research' (site path: /app/ctc-research)

============================================================
                   🌍 ENVIRONMENT SUMMARY                    
============================================================
│ Environment          : 🚀 production                        │
│ Runtime              : 🐳 docker                            │
│ Module               : 📦 LMS                               │
│ Website              : ctc-research                        │
│ Domain               : ctc-research.com                    │
│ Debug Mode           : ✅ Disabled                          │
│ Production           : ✅ Yes                               │
│ Containerized        : ✅ Yes                               │
============================================================
                  ⚙️ CONFIGURATION STATUS                   
============================================================
│ Server Host          : 0.0.0.0                             │
│ Server Port          : 5070                                │
============================================================

Traceback (most recent call last):
  File "/opt/venv/lib/python3.12/site-packages/django/db/backends/utils.py", line 103, in _execute
    return self.cursor.execute(sql)
           ^^^^^^^^^^^^^^^^^^^^^^^^
  File "/opt/venv/lib/python3.12/site-packages/psycopg/cursor.py", line 117, in execute
    raise ex.with_traceback(None)
psycopg.errors.ForeignKeyViolation: insert or update on table "wagtailcore_referenceindex" violates foreign key constraint "wagtailcore_referenc_content_type_id_766e0336_fk_django_co"
DETAIL:  Key (content_type_id)=(95) is not present in table "django_content_type".

The above exception was the direct cause of the following exception:

Traceback (most recent call last):
  File "/app/manage.py", line 120, in <module>
    main()
  File "/app/manage.py", line 116, in main
    execute_from_command_line(sys.argv)
  File "/opt/venv/lib/python3.12/site-packages/django/core/management/__init__.py", line 443, in execute_from_command_line
    utility.execute()
  File "/opt/venv/lib/python3.12/site-packages/django/core/management/__init__.py", line 437, in execute
    self.fetch_command(subcommand).run_from_argv(self.argv)
  File "/opt/venv/lib/python3.12/site-packages/django/core/management/base.py", line 420, in run_from_argv
    self.execute(*args, **cmd_options)
  File "/opt/venv/lib/python3.12/site-packages/django/core/management/base.py", line 464, in execute
    output = self.handle(*args, **options)
             ^^^^^^^^^^^^^^^^^^^^^^^^^^^^^
  File "/opt/venv/lib/python3.12/site-packages/django/core/management/commands/loaddata.py", line 103, in handle
    self.loaddata(fixture_labels)
  File "/opt/venv/lib/python3.12/site-packages/django/core/management/commands/loaddata.py", line 172, in loaddata
    connection.check_constraints(table_names=table_names)
  File "/opt/venv/lib/python3.12/site-packages/django/db/backends/postgresql/base.py", line 483, in check_constraints
    cursor.execute("SET CONSTRAINTS ALL IMMEDIATE")
  File "/opt/venv/lib/python3.12/site-packages/django/db/backends/utils.py", line 79, in execute
    return self._execute_with_wrappers(
           ^^^^^^^^^^^^^^^^^^^^^^^^^^^^
  File "/opt/venv/lib/python3.12/site-packages/django/db/backends/utils.py", line 92, in _execute_with_wrappers
    return executor(sql, params, many, context)
           ^^^^^^^^^^^^^^^^^^^^^^^^^^^^^^^^^^^^
  File "/opt/venv/lib/python3.12/site-packages/django/db/backends/utils.py", line 100, in _execute
    with self.db.wrap_database_errors:
         ^^^^^^^^^^^^^^^^^^^^^^^^^^^^
  File "/opt/venv/lib/python3.12/site-packages/django/db/utils.py", line 94, in __exit__
    raise dj_exc_value.with_traceback(traceback) from exc_value
  File "/opt/venv/lib/python3.12/site-packages/django/db/backends/utils.py", line 103, in _execute
    return self.cursor.execute(sql)
           ^^^^^^^^^^^^^^^^^^^^^^^^
  File "/opt/venv/lib/python3.12/site-packages/psycopg/cursor.py", line 117, in execute
    raise ex.with_traceback(None)
django.db.utils.IntegrityError: Problem installing fixtures: insert or update on table "wagtailcore_referenceindex" violates foreign key constraint "wagtailcore_referenc_content_type_id_766e0336_fk_django_co"
DETAIL:  Key (content_type_id)=(95) is not present in table "django_content_type".
[1;33m⚠️  Issue loading: Reference Index (may already exist or have dependencies)[0m
[0;34m[2026-06-02 19:30:34][0m Loading: Page Subscriptions
Using site 'ctc-research' (site path: /app/ctc-research)

============================================================
                   🌍 ENVIRONMENT SUMMARY                    
============================================================
│ Environment          : 🚀 production                        │
│ Runtime              : 🐳 docker                            │
│ Module               : 📦 LMS                               │
│ Website              : ctc-research                        │
│ Domain               : ctc-research.com                    │
│ Debug Mode           : ✅ Disabled                          │
│ Production           : ✅ Yes                               │
│ Containerized        : ✅ Yes                               │
============================================================
                  ⚙️ CONFIGURATION STATUS                   
============================================================
│ Server Host          : 0.0.0.0                             │
│ Server Port          : 5070                                │
============================================================

Traceback (most recent call last):
  File "/opt/venv/lib/python3.12/site-packages/django/db/backends/utils.py", line 103, in _execute
    return self.cursor.execute(sql)
           ^^^^^^^^^^^^^^^^^^^^^^^^
  File "/opt/venv/lib/python3.12/site-packages/psycopg/cursor.py", line 117, in execute
    raise ex.with_traceback(None)
psycopg.errors.ForeignKeyViolation: insert or update on table "wagtailcore_pagesubscription" violates foreign key constraint "wagtailcore_pagesubs_page_id_a085e7a6_fk_wagtailco"
DETAIL:  Key (page_id)=(3) is not present in table "wagtailcore_page".

The above exception was the direct cause of the following exception:

Traceback (most recent call last):
  File "/app/manage.py", line 120, in <module>
    main()
  File "/app/manage.py", line 116, in main
    execute_from_command_line(sys.argv)
  File "/opt/venv/lib/python3.12/site-packages/django/core/management/__init__.py", line 443, in execute_from_command_line
    utility.execute()
  File "/opt/venv/lib/python3.12/site-packages/django/core/management/__init__.py", line 437, in execute
    self.fetch_command(subcommand).run_from_argv(self.argv)
  File "/opt/venv/lib/python3.12/site-packages/django/core/management/base.py", line 420, in run_from_argv
    self.execute(*args, **cmd_options)
  File "/opt/venv/lib/python3.12/site-packages/django/core/management/base.py", line 464, in execute
    output = self.handle(*args, **options)
             ^^^^^^^^^^^^^^^^^^^^^^^^^^^^^
  File "/opt/venv/lib/python3.12/site-packages/django/core/management/commands/loaddata.py", line 103, in handle
    self.loaddata(fixture_labels)
  File "/opt/venv/lib/python3.12/site-packages/django/core/management/commands/loaddata.py", line 172, in loaddata
    connection.check_constraints(table_names=table_names)
  File "/opt/venv/lib/python3.12/site-packages/django/db/backends/postgresql/base.py", line 483, in check_constraints
    cursor.execute("SET CONSTRAINTS ALL IMMEDIATE")
  File "/opt/venv/lib/python3.12/site-packages/django/db/backends/utils.py", line 79, in execute
    return self._execute_with_wrappers(
           ^^^^^^^^^^^^^^^^^^^^^^^^^^^^
  File "/opt/venv/lib/python3.12/site-packages/django/db/backends/utils.py", line 92, in _execute_with_wrappers
    return executor(sql, params, many, context)
           ^^^^^^^^^^^^^^^^^^^^^^^^^^^^^^^^^^^^
  File "/opt/venv/lib/python3.12/site-packages/django/db/backends/utils.py", line 100, in _execute
    with self.db.wrap_database_errors:
         ^^^^^^^^^^^^^^^^^^^^^^^^^^^^
  File "/opt/venv/lib/python3.12/site-packages/django/db/utils.py", line 94, in __exit__
    raise dj_exc_value.with_traceback(traceback) from exc_value
  File "/opt/venv/lib/python3.12/site-packages/django/db/backends/utils.py", line 103, in _execute
    return self.cursor.execute(sql)
           ^^^^^^^^^^^^^^^^^^^^^^^^
  File "/opt/venv/lib/python3.12/site-packages/psycopg/cursor.py", line 117, in execute
    raise ex.with_traceback(None)
django.db.utils.IntegrityError: Problem installing fixtures: insert or update on table "wagtailcore_pagesubscription" violates foreign key constraint "wagtailcore_pagesubs_page_id_a085e7a6_fk_wagtailco"
DETAIL:  Key (page_id)=(3) is not present in table "wagtailcore_page".
[1;33m⚠️  Issue loading: Page Subscriptions (may already exist or have dependencies)[0m
[0;34m[2026-06-02 19:30:40][0m Loading: Organization
Using site 'ctc-research' (site path: /app/ctc-research)

============================================================
                   🌍 ENVIRONMENT SUMMARY                    
============================================================
│ Environment          : 🚀 production                        │
│ Runtime              : 🐳 docker                            │
│ Module               : 📦 LMS                               │
│ Website              : ctc-research                        │
│ Domain               : ctc-research.com                    │
│ Debug Mode           : ✅ Disabled                          │
│ Production           : ✅ Yes                               │
│ Containerized        : ✅ Yes                               │
============================================================
                  ⚙️ CONFIGURATION STATUS                   
============================================================
│ Server Host          : 0.0.0.0                             │
│ Server Port          : 5070                                │
============================================================

Traceback (most recent call last):
  File "/opt/venv/lib/python3.12/site-packages/django/apps/registry.py", line 158, in get_app_config
    return self.app_configs[app_label]
           ~~~~~~~~~~~~~~~~^^^^^^^^^^^
KeyError: 'handlers'

During handling of the above exception, another exception occurred:

Traceback (most recent call last):
  File "/opt/venv/lib/python3.12/site-packages/django/core/serializers/python.py", line 218, in _get_model_from_node
    return apps.get_model(model_identifier)
           ^^^^^^^^^^^^^^^^^^^^^^^^^^^^^^^^
  File "/opt/venv/lib/python3.12/site-packages/django/apps/registry.py", line 208, in get_model
    app_config = self.get_app_config(app_label)
                 ^^^^^^^^^^^^^^^^^^^^^^^^^^^^^^
  File "/opt/venv/lib/python3.12/site-packages/django/apps/registry.py", line 165, in get_app_config
    raise LookupError(message)
LookupError: No installed app with label 'handlers'.

During handling of the above exception, another exception occurred:

Traceback (most recent call last):
  File "/app/manage.py", line 120, in <module>
    main()
  File "/app/manage.py", line 116, in main
    execute_from_command_line(sys.argv)
  File "/opt/venv/lib/python3.12/site-packages/django/core/management/__init__.py", line 443, in execute_from_command_line
    utility.execute()
  File "/opt/venv/lib/python3.12/site-packages/django/core/management/__init__.py", line 437, in execute
    self.fetch_command(subcommand).run_from_argv(self.argv)
  File "/opt/venv/lib/python3.12/site-packages/django/core/management/base.py", line 420, in run_from_argv
    self.execute(*args, **cmd_options)
  File "/opt/venv/lib/python3.12/site-packages/django/core/management/base.py", line 464, in execute
    output = self.handle(*args, **options)
             ^^^^^^^^^^^^^^^^^^^^^^^^^^^^^
  File "/opt/venv/lib/python3.12/site-packages/django/core/management/commands/loaddata.py", line 103, in handle
    self.loaddata(fixture_labels)
  File "/opt/venv/lib/python3.12/site-packages/django/core/management/commands/loaddata.py", line 164, in loaddata
    self.load_label(fixture_label)
  File "/opt/venv/lib/python3.12/site-packages/django/core/management/commands/loaddata.py", line 252, in load_label
    for obj in objects:
               ^^^^^^^
  File "/opt/venv/lib/python3.12/site-packages/django/core/serializers/python.py", line 123, in __iter__
    yield from self._handle_object(obj)
  File "/opt/venv/lib/python3.12/site-packages/django/core/serializers/json.py", line 77, in _handle_object
    yield from super()._handle_object(obj)
  File "/opt/venv/lib/python3.12/site-packages/django/core/serializers/python.py", line 137, in _handle_object
    Model = self._get_model_from_node(obj["model"])
            ^^^^^^^^^^^^^^^^^^^^^^^^^^^^^^^^^^^^^^^
  File "/opt/venv/lib/python3.12/site-packages/django/core/serializers/python.py", line 220, in _get_model_from_node
    raise base.DeserializationError(
django.core.serializers.base.DeserializationError: Problem installing fixture '/app/ctc-research/assets/fixtures/by-model/handlers/handlers-organization.json': Invalid model identifier: handlers.organization
[1;33m⚠️  Issue loading: Organization (may already exist or have dependencies)[0m
[0;34m[2026-06-02 19:30:45][0m Loading: Activity Types
Using site 'ctc-research' (site path: /app/ctc-research)

============================================================
                   🌍 ENVIRONMENT SUMMARY                    
============================================================
│ Environment          : 🚀 production                        │
│ Runtime              : 🐳 docker                            │
│ Module               : 📦 LMS                               │
│ Website              : ctc-research                        │
│ Domain               : ctc-research.com                    │
│ Debug Mode           : ✅ Disabled                          │
│ Production           : ✅ Yes                               │
│ Containerized        : ✅ Yes                               │
============================================================
                  ⚙️ CONFIGURATION STATUS                   
============================================================
│ Server Host          : 0.0.0.0                             │
│ Server Port          : 5070                                │
============================================================

Traceback (most recent call last):
  File "/opt/venv/lib/python3.12/site-packages/django/apps/registry.py", line 158, in get_app_config
    return self.app_configs[app_label]
           ~~~~~~~~~~~~~~~~^^^^^^^^^^^
KeyError: 'modules'

During handling of the above exception, another exception occurred:

Traceback (most recent call last):
  File "/opt/venv/lib/python3.12/site-packages/django/core/serializers/python.py", line 218, in _get_model_from_node
    return apps.get_model(model_identifier)
           ^^^^^^^^^^^^^^^^^^^^^^^^^^^^^^^^
  File "/opt/venv/lib/python3.12/site-packages/django/apps/registry.py", line 208, in get_model
    app_config = self.get_app_config(app_label)
                 ^^^^^^^^^^^^^^^^^^^^^^^^^^^^^^
  File "/opt/venv/lib/python3.12/site-packages/django/apps/registry.py", line 165, in get_app_config
    raise LookupError(message)
LookupError: No installed app with label 'modules'.

During handling of the above exception, another exception occurred:

Traceback (most recent call last):
  File "/app/manage.py", line 120, in <module>
    main()
  File "/app/manage.py", line 116, in main
    execute_from_command_line(sys.argv)
  File "/opt/venv/lib/python3.12/site-packages/django/core/management/__init__.py", line 443, in execute_from_command_line
    utility.execute()
  File "/opt/venv/lib/python3.12/site-packages/django/core/management/__init__.py", line 437, in execute
    self.fetch_command(subcommand).run_from_argv(self.argv)
  File "/opt/venv/lib/python3.12/site-packages/django/core/management/base.py", line 420, in run_from_argv
    self.execute(*args, **cmd_options)
  File "/opt/venv/lib/python3.12/site-packages/django/core/management/base.py", line 464, in execute
    output = self.handle(*args, **options)
             ^^^^^^^^^^^^^^^^^^^^^^^^^^^^^
  File "/opt/venv/lib/python3.12/site-packages/django/core/management/commands/loaddata.py", line 103, in handle
    self.loaddata(fixture_labels)
  File "/opt/venv/lib/python3.12/site-packages/django/core/management/commands/loaddata.py", line 164, in loaddata
    self.load_label(fixture_label)
  File "/opt/venv/lib/python3.12/site-packages/django/core/management/commands/loaddata.py", line 252, in load_label
    for obj in objects:
               ^^^^^^^
  File "/opt/venv/lib/python3.12/site-packages/django/core/serializers/python.py", line 123, in __iter__
    yield from self._handle_object(obj)
  File "/opt/venv/lib/python3.12/site-packages/django/core/serializers/json.py", line 77, in _handle_object
    yield from super()._handle_object(obj)
  File "/opt/venv/lib/python3.12/site-packages/django/core/serializers/python.py", line 137, in _handle_object
    Model = self._get_model_from_node(obj["model"])
            ^^^^^^^^^^^^^^^^^^^^^^^^^^^^^^^^^^^^^^^
  File "/opt/venv/lib/python3.12/site-packages/django/core/serializers/python.py", line 220, in _get_model_from_node
    raise base.DeserializationError(
django.core.serializers.base.DeserializationError: Problem installing fixture '/app/ctc-research/assets/fixtures/by-model/modules/modules-activitytype.json': Invalid model identifier: modules.activitytype
[1;33m⚠️  Issue loading: Activity Types (may already exist or have dependencies)[0m
[0;34m[2026-06-02 19:30:50][0m Loading: Status Choices
Using site 'ctc-research' (site path: /app/ctc-research)

============================================================
                   🌍 ENVIRONMENT SUMMARY                    
============================================================
│ Environment          : 🚀 production                        │
│ Runtime              : 🐳 docker                            │
│ Module               : 📦 LMS                               │
│ Website              : ctc-research                        │
│ Domain               : ctc-research.com                    │
│ Debug Mode           : ✅ Disabled                          │
│ Production           : ✅ Yes                               │
│ Containerized        : ✅ Yes                               │
============================================================
                  ⚙️ CONFIGURATION STATUS                   
============================================================
│ Server Host          : 0.0.0.0                             │
│ Server Port          : 5070                                │
============================================================

Traceback (most recent call last):
  File "/opt/venv/lib/python3.12/site-packages/django/apps/registry.py", line 158, in get_app_config
    return self.app_configs[app_label]
           ~~~~~~~~~~~~~~~~^^^^^^^^^^^
KeyError: 'modules'

During handling of the above exception, another exception occurred:

Traceback (most recent call last):
  File "/opt/venv/lib/python3.12/site-packages/django/core/serializers/python.py", line 218, in _get_model_from_node
    return apps.get_model(model_identifier)
           ^^^^^^^^^^^^^^^^^^^^^^^^^^^^^^^^
  File "/opt/venv/lib/python3.12/site-packages/django/apps/registry.py", line 208, in get_model
    app_config = self.get_app_config(app_label)
                 ^^^^^^^^^^^^^^^^^^^^^^^^^^^^^^
  File "/opt/venv/lib/python3.12/site-packages/django/apps/registry.py", line 165, in get_app_config
    raise LookupError(message)
LookupError: No installed app with label 'modules'.

During handling of the above exception, another exception occurred:

Traceback (most recent call last):
  File "/app/manage.py", line 120, in <module>
    main()
  File "/app/manage.py", line 116, in main
    execute_from_command_line(sys.argv)
  File "/opt/venv/lib/python3.12/site-packages/django/core/management/__init__.py", line 443, in execute_from_command_line
    utility.execute()
  File "/opt/venv/lib/python3.12/site-packages/django/core/management/__init__.py", line 437, in execute
    self.fetch_command(subcommand).run_from_argv(self.argv)
  File "/opt/venv/lib/python3.12/site-packages/django/core/management/base.py", line 420, in run_from_argv
    self.execute(*args, **cmd_options)
  File "/opt/venv/lib/python3.12/site-packages/django/core/management/base.py", line 464, in execute
    output = self.handle(*args, **options)
             ^^^^^^^^^^^^^^^^^^^^^^^^^^^^^
  File "/opt/venv/lib/python3.12/site-packages/django/core/management/commands/loaddata.py", line 103, in handle
    self.loaddata(fixture_labels)
  File "/opt/venv/lib/python3.12/site-packages/django/core/management/commands/loaddata.py", line 164, in loaddata
    self.load_label(fixture_label)
  File "/opt/venv/lib/python3.12/site-packages/django/core/management/commands/loaddata.py", line 252, in load_label
    for obj in objects:
               ^^^^^^^
  File "/opt/venv/lib/python3.12/site-packages/django/core/serializers/python.py", line 123, in __iter__
    yield from self._handle_object(obj)
  File "/opt/venv/lib/python3.12/site-packages/django/core/serializers/json.py", line 77, in _handle_object
    yield from super()._handle_object(obj)
  File "/opt/venv/lib/python3.12/site-packages/django/core/serializers/python.py", line 137, in _handle_object
    Model = self._get_model_from_node(obj["model"])
            ^^^^^^^^^^^^^^^^^^^^^^^^^^^^^^^^^^^^^^^
  File "/opt/venv/lib/python3.12/site-packages/django/core/serializers/python.py", line 220, in _get_model_from_node
    raise base.DeserializationError(
django.core.serializers.base.DeserializationError: Problem installing fixture '/app/ctc-research/assets/fixtures/by-model/modules/modules-statuschoice.json': Invalid model identifier: modules.statuschoice
[1;33m⚠️  Issue loading: Status Choices (may already exist or have dependencies)[0m
[0;34m[2026-06-02 19:30:55][0m Loading: Derived Status
Using site 'ctc-research' (site path: /app/ctc-research)

============================================================
                   🌍 ENVIRONMENT SUMMARY                    
============================================================
│ Environment          : 🚀 production                        │
│ Runtime              : 🐳 docker                            │
│ Module               : 📦 LMS                               │
│ Website              : ctc-research                        │
│ Domain               : ctc-research.com                    │
│ Debug Mode           : ✅ Disabled                          │
│ Production           : ✅ Yes                               │
│ Containerized        : ✅ Yes                               │
============================================================
                  ⚙️ CONFIGURATION STATUS                   
============================================================
│ Server Host          : 0.0.0.0                             │
│ Server Port          : 5070                                │
============================================================

Traceback (most recent call last):
  File "/opt/venv/lib/python3.12/site-packages/django/apps/registry.py", line 158, in get_app_config
    return self.app_configs[app_label]
           ~~~~~~~~~~~~~~~~^^^^^^^^^^^
KeyError: 'modules'

During handling of the above exception, another exception occurred:

Traceback (most recent call last):
  File "/opt/venv/lib/python3.12/site-packages/django/core/serializers/python.py", line 218, in _get_model_from_node
    return apps.get_model(model_identifier)
           ^^^^^^^^^^^^^^^^^^^^^^^^^^^^^^^^
  File "/opt/venv/lib/python3.12/site-packages/django/apps/registry.py", line 208, in get_model
    app_config = self.get_app_config(app_label)
                 ^^^^^^^^^^^^^^^^^^^^^^^^^^^^^^
  File "/opt/venv/lib/python3.12/site-packages/django/apps/registry.py", line 165, in get_app_config
    raise LookupError(message)
LookupError: No installed app with label 'modules'.

During handling of the above exception, another exception occurred:

Traceback (most recent call last):
  File "/app/manage.py", line 120, in <module>
    main()
  File "/app/manage.py", line 116, in main
    execute_from_command_line(sys.argv)
  File "/opt/venv/lib/python3.12/site-packages/django/core/management/__init__.py", line 443, in execute_from_command_line
    utility.execute()
  File "/opt/venv/lib/python3.12/site-packages/django/core/management/__init__.py", line 437, in execute
    self.fetch_command(subcommand).run_from_argv(self.argv)
  File "/opt/venv/lib/python3.12/site-packages/django/core/management/base.py", line 420, in run_from_argv
    self.execute(*args, **cmd_options)
  File "/opt/venv/lib/python3.12/site-packages/django/core/management/base.py", line 464, in execute
    output = self.handle(*args, **options)
             ^^^^^^^^^^^^^^^^^^^^^^^^^^^^^
  File "/opt/venv/lib/python3.12/site-packages/django/core/management/commands/loaddata.py", line 103, in handle
    self.loaddata(fixture_labels)
  File "/opt/venv/lib/python3.12/site-packages/django/core/management/commands/loaddata.py", line 164, in loaddata
    self.load_label(fixture_label)
  File "/opt/venv/lib/python3.12/site-packages/django/core/management/commands/loaddata.py", line 252, in load_label
    for obj in objects:
               ^^^^^^^
  File "/opt/venv/lib/python3.12/site-packages/django/core/serializers/python.py", line 123, in __iter__
    yield from self._handle_object(obj)
  File "/opt/venv/lib/python3.12/site-packages/django/core/serializers/json.py", line 77, in _handle_object
    yield from super()._handle_object(obj)
  File "/opt/venv/lib/python3.12/site-packages/django/core/serializers/python.py", line 137, in _handle_object
    Model = self._get_model_from_node(obj["model"])
            ^^^^^^^^^^^^^^^^^^^^^^^^^^^^^^^^^^^^^^^
  File "/opt/venv/lib/python3.12/site-packages/django/core/serializers/python.py", line 220, in _get_model_from_node
    raise base.DeserializationError(
django.core.serializers.base.DeserializationError: Problem installing fixture '/app/ctc-research/assets/fixtures/by-model/modules/modules-derivedstatus.json': Invalid model identifier: modules.derivedstatus
[1;33m⚠️  Issue loading: Derived Status (may already exist or have dependencies)[0m


[0;34m[2026-06-02 19:31:01][0m Verifying fixture load...

[1;33m⚠️  Pages in database: 2 (may need manual loading)[0m

========================================
📊 Loading Summary
========================================
[0;34m[2026-06-02 19:31:01][0m Fixture loading process completed
[0;34m[2026-06-02 19:31:01][0m Total pages: 2
[0;34m[2026-06-02 19:31:01][0m Total locales: 
[0;34m[2026-06-02 19:31:01][0m Log file: fixture_loading_20260602_192820.log

🚀 Restarting web service...
[0;34m[2026-06-02 19:31:08][0m ✅ Production fixture loading complete!
[0;34m[2026-06-02 19:31:08][0m ✅ Production fixture loading complete!

🎉 Production database update complete!

